"site_id","condition_class","basin","sample_date","arrivetime","crew","depth","width","cur_spd","algae_diaoms_presen","thickness_diatoms_present","macrophyte_pct","canopy","embeddedness","rock","rubble","gravel","sand","silt","clay","land_use","general_comment","field_water_qlty","habitat","lgs_habitat_bank","lgs_habitat_macrophyte","lgs_habitat_snag","lgs_habitat_substrate","bottom_type","dominant_substrate","water_clarity_driver","macro_comment","gradient","epifaunal_cover","embeddedness_pooling","velocity_depth_regime","sediment_deposition","flow_status","channel_alteration","riffle_bend_frequency","left_bank_stability","right_bank_stability","left_bank_veg","right_bank_veg","left_bank_veg_zone","right_bank_veg_zone","habitat_comment","temp","spcond","do_conc","do_pct_sat","ph","salinity","photo","photo_2","ref_field_yn","riffle_present","chl_a","site_condition_v1","site_condition_v2","site_condition_notes","microtox","pht_id_up","pht_id_dwn","hab_present","biosample","habitat_total_score","landcover_nat_pct","landcover_dev_pct","landcover_ag_pct","landcover_water_pct","landcover_agdev_pct","PC1"
"01-FISN-2.4","3",1,2015-08-04,"17:03","Heitzman Pratt",0.3,4,0,NA,NA,100,100,NA,NA,NA,NA,NA,NA,NA,"Field",NA,NA,NA,0,2,0,2,"Very soft","Clay","Turb",NA,NA,5,13,10,6,15,10,0,10,10,9,9,3,3,"Swamp",20.8,2132,2.27,25.5,7.4,NA,"14392991020003.jpg","14392991020004.jpg",NA,"No",NA,"test","test",NA,NA,NA,NA,NA,NA,NA,65.2798686191323,4.55727384699603,30.1628575338716,0,34.7201313808676,-2.4142886934712
"01-GILL-0.3","3",1,2015-08-04,"17:45","Heitzman Pratt",0.7,4,0.3,NA,NA,NA,NA,NA,NA,NA,NA,NA,NA,NA,NA,NA,NA,NA,NA,NA,NA,NA,NA,NA,NA,NA,NA,10,10,10,5,11,10,4,8,8,8,8,5,5,NA,24.4,476,11.74,1.4,8.8,NA,"14392991020005.jpg","14392991020006.jpg","No",NA,NA,"test","test",NA,NA,NA,NA,NA,NA,NA,26.9643623872907,52.918276799771,16.3847144697295,3.73264634320882,69.3029912695005,-1.76419905428184
"01-GOTC-0.2","3",1,2015-08-04,"16:12","Duffy Mosher",0.2,3,29,NA,NA,80,NA,NA,NA,NA,NA,NA,NA,NA,"Forest residential condos","Big Odonata; nasty site; channelized behind condos",NA,NA,0,2,1,2,"Very soft","Silt","Turb",NA,NA,4,3,3,7,16,2,2,9,9,8,8,10,2,"Gross, highly channelized behind condos",21.5,2108,12.5,142,7.8,NA,"14389715920003.jpg","14389715920004.jpg","No","No",NA,"test","test",NA,NA,NA,NA,NA,NA,NA,37.7171643649319,47.1584270308579,14.2011607638822,0.923247840327925,61.3595877947401,-3.43538851453566
"01-LSIS-2.4","2",1,2015-08-05,"11:28","Duffy Mosher",0.3,20,1,NA,NA,40,NA,NA,NA,NA,NA,NA,NA,NA,"Forest","Bedrock and gravel in places but predominantly mushy clay",NA,NA,2,2,2,2,"Soft","Gravel","Turb",NA,NA,17,14,15,13,19,15,13,9,8,9,8,6,10,NA,20.7,909,3.6,40.6,7.5,NA,"14389715920005.jpg","14389715920006.jpg","No","No",NA,"test","test",NA,NA,NA,NA,NA,NA,NA,64.9924055936731,12.1353375582674,22.6156182894254,0.256638558634054,34.7509558476928,0.121049621249427
"01-MURD-20.0","2",1,2015-08-04,"12:40","Duffy Mosher",0.2,5,0.07,NA,NA,70,NA,NA,NA,NA,NA,NA,NA,NA,"Forest agriculture","Very hard bottom. Lots of macrophytes",NA,NA,2,2,2,2,"Hard","Gravel","Turb",NA,NA,17,18,17,15,17,15,17,6,9,10,10,9,2,"Hard bottom, lots of macrophytes",21,636,7,79,7.5,NA,"14389715920001.jpg","14389715920002.jpg","No","No",NA,"test","test",NA,NA,NA,NA,NA,NA,NA,42.2138502462803,4.40249971362751,53.1138235181815,0.269826521910677,57.516323231809,-0.451981435070773
"01-PION-0.9","2",1,2015-08-05,"12:38","Duffy Mosher",0.5,4,0,NA,NA,20,NA,NA,NA,NA,NA,NA,NA,NA,"Residential Forest","Site was recently undammed. No flow at all",NA,NA,2,2,2,2,"Soft","Clay","Turb",NA,NA,12,16,6,13,12,13,14,5,5,6,6,10,10,"Looks like it used to be dammed",22.2,711,4.7,54,7.8,NA,"14389715920007.jpg","14389715920008.jpg","No","No",NA,"test","test",NA,NA,NA,NA,NA,NA,NA,40.9221902017291,29.0585975024015,30.0192122958694,0,59.0778097982709,-0.85072073510545
"01-PLUT_N_T4-1.0","2",1,2015-07-07,"18:08","Duffy RSmith",0.2,1,0.1,NA,NA,40,5,NA,NA,NA,NA,NA,NA,NA,"Suburban","Root mat bottom small site moved from inside airport fence.good variety of bugs",NA,NA,NA,NA,NA,NA,"Soft","Silt","Turb",NA,NA,10,5,5,18,20,17,12,8,9,10,10,4,8,NA,23.1,664,5.6,66,7.5,NA,"14363970980015.jpg","14363970980016.jpg","No","No",1.9,"test","test",NA,NA,NA,NA,NA,NA,NA,41.8802498384665,21.6454878311437,36.3773422356235,0.0969200947663149,58.0228300667672,-0.677066166331004
"01-STYB_T5-0.3","2",1,2015-07-08,"12:37","BDuffy; RSmith",0.1,0.3,0.4,NA,NA,0,45,NA,NA,NA,NA,NA,NA,NA,"Wetlands","Directly downstream of beaver dam.",NA,NA,2,0,2,2,"Very soft","Silt",NA,NA,NA,17,6,13,9,19,18,12,4,3,3,3,9,9,"Site directly down stream of beaver dam.",17.79,282,6.9,72.7,7.2,NA,"14363970980021.jpg","14363970980022.jpg","No","No",1.39,"test","test",NA,NA,NA,NA,NA,NA,NA,48.0230050323508,3.35490055116223,48.6220944164869,0,51.9769949676491,-0.0122796160383832
"01-TONA-103.5","2",1,2015-08-06,"11:15","Duffy Mosher",0.3,1.5,38,NA,NA,0,NA,NA,NA,NA,NA,NA,NA,NA,"Forest agriculture","No macrophytes; many cobbles",NA,NA,2,0,2,2,"Soft","Silt","Turb",NA,NA,18,19,17,15,18,13,18,9,9,10,3,9,8,"Channelized through pasture downstream",15,487,10.2,101,8.1,NA,"14389715920011.jpg","14389715920012.jpg","No","Yes",NA,"test","test",NA,NA,NA,NA,NA,NA,NA,43.8555813183173,3.40068455338412,51.750027602959,0.993706525339516,55.1507121563431,0.0269054489883174
"01-VBUR-0.4","2",1,2016-07-20,"13:33","Heitzman, Lojps, Reigle, Onion",0.1,1,NA,90,3,0,50,50,0,10,35,35,15,5,"Residential","No pebble count Water very low, stream narrow, few rubble & coarse gravel. No current speed, almost stagnant.","Poor","Low flow",2,1,0,2,"Hard","Gravel","Turbidity",NA,NA,14,15,11,16,4,11,5,8,8,9,9,5,5,NA,21.4,827,5.65,63,7.24,NA,NA,NA,NA,NA,NA,NA,NA,NA,1,"14692051680023.jpg","14692051680024.jpg",NA,0,120,47.3578674215617,7.4899740504836,43.8900684123614,1.2620901155933,51.380042462845,-0.661743892214809
"02-BLBA-0.4","2",2,2016-08-31,"13:52","Lope, Heitz",1,5,NA,NA,NA,50,18,NA,NA,NA,NA,NA,NA,NA,"Agriculture","Low gradient",NA,"Other",2,2,2,2,"Hard","Gravel","Turbidity",NA,NA,16,17,13,15,15,18,14,9,9,9,9,10,10,NA,21.1,387,4.7,52,7.4,NA,NA,NA,NA,NA,NA,NA,NA,NA,0,"14731747070009.jpg","14731747070010.jpg",NA,1,164,42.4815585398146,22.1108379042935,35.161717420087,0.245886135804804,57.2725553243805,0.0937771516273718
"02-CASS-25.6","1",2,2016-08-31,"12:21","Duffieber",1,10,5,NA,NA,20,8.5,NA,NA,NA,NA,NA,NA,NA,"Agriculture","Low gradient sample",NA,NA,2,2,2,2,"Soft","Silt","Turbidity",NA,NA,17,12,16,18,20,19,19,10,5,10,7,10,10,NA,22.3,284,4.5,55,7.5,NA,NA,NA,NA,NA,NA,NA,NA,NA,0,"14731790090011.jpg","14731790090012.jpg",NA,1,173,70.4831207110947,3.41679587753368,25.1989335625867,0.901149848784906,28.6157294401204,1.32574528024371
"02-CASS-33.3","2",2,2016-08-31,"11:47","Duffieber",1,4,0,NA,NA,10,16,NA,NA,NA,NA,NA,NA,NA,"Agriculture","Low gradient site",NA,NA,2,2,2,2,"Soft","Silt","Turbidity",NA,NA,13,13,10,15,NA,18,20,4,9,4,9,0,2,NA,18.5,401,3.7,40,7.7,NA,NA,NA,NA,NA,NA,NA,NA,NA,0,"14731790090013.jpg","14731790090014.jpg",NA,1,117,60.0241886716388,5.58556742592219,32.007659746019,2.38258415642008,37.5932271719412,0.196746916199275
"02-RAWS-0.8","1",2,2016-08-30,"13:06","Mosher smith",0.2,4,0,60,2,30,4,30,0,50,20,10,20,NA,"Forest","Sheen on water, water scorpion, hard bottom",NA,"Low flow",2,2,2,2,"Hard","Gravel","DOC",NA,NA,15,18,17,14,18,17,15,8,9,7,8,3,8,NA,23.4,304,5.3,62,7.1,0.1,NA,NA,NA,NA,NA,NA,NA,NA,1,"14728238780037.jpg","14728238780038.jpg",NA,1,157,77.2955076997844,1.69182638277192,20.6998147191933,0.312851198250463,22.3916411019652,1.32252775208179
"03-BEAG-1.8","3",3,2015-07-22,"09:26","JL/JD",1,4,2,NA,NA,10,96,NA,NA,NA,NA,NA,NA,NA,"AG","Nearly still water",NA,NA,2,2,2,2,"Soft","Sand","Turb",NA,NA,7,8,1,6,12,15,9,8,7,7,8,4,6,NA,19,820,4.69,49,7.78,NA,"14377589820009.jpg","14377589820010.jpg","No","No",NA,"test","test",NA,NA,NA,NA,NA,NA,NA,39.2607827239109,4.1509284711373,56.5606027646489,0.0276860403029644,60.7115312357862,-1.5910094621084
"03-BEEK-4.5","2",3,2016-08-17,"10:31","Lojp heitzman mosher onion",0.5,4,0,100,2,50,68,NA,NA,NA,NA,NA,NA,NA,"Agriculture","Swampy, may be impounded downstream of road Done for Permits section info",NA,"Low flow",2,2,2,2,"Soft","Silt","Turbidity",NA,NA,8,13,15,12,18,13,15,7,10,10,10,6,10,NA,22.5,615,1.9,23,7.6,0.3,NA,NA,NA,NA,NA,NA,NA,NA,0,"14716173550003.jpg","14716173550004.jpg",NA,1,147,45.7723163122374,5.74939513561696,48.4782885521457,0,54.2276836877627,-0.487279658655787
"03-CHMO-8.6","2",3,2015-07-21,"16:23","A. Smith; R. Smith",1,15,10,NA,NA,100,0,NA,NA,NA,NA,NA,NA,NA,"Agricultural","Very little flow; had to move the site upstream from original coordinates due to access",NA,NA,2,2,2,2,"Very soft","Clay","Susp Algae",NA,NA,15,10,7,5,17,15,13,8,8,8,8,8,8,NA,23,506,1.2,13,7.2,NA,"14377607730005.jpg","14377607730006.jpg","No","No",NA,"test","test",NA,NA,NA,NA,NA,NA,NA,44.5713236644024,5.61042775839912,49.3133835138608,0.504865063337617,54.9238112722599,-0.851846480908833
"03-EMIL_E_T6-0.4","3",3,2015-07-08,"09:32","BDuffy;RSmith",0.2,1,0,NA,NA,100,2,NA,NA,NA,NA,NA,NA,NA,"Agricultural","Mayfly found. May dry up during summer",NA,NA,2,2,0,2,"Hard","Gravel","Turb",NA,NA,11,5,2,17,14,7,3,8,7,3,3,2,1,"Thick mats of filamentous algae covered most of the substrate.",16.47,802,7.19,73.8,7.33,NA,"14363970980007.jpg","14363970980008.jpg","No","No",3.49,"test","test",NA,NA,NA,NA,NA,NA,NA,31.3953488372093,7.23514211886305,61.3695090439276,0,68.6046511627906,-2.44476876215463
"03-FOMI-5.5","3",3,2015-07-21,"12:45","Heitzman; Novak",0.2,2,15,NA,NA,50,44,NA,NA,NA,NA,NA,NA,NA,"Agricul; open fields","Scuds; Isopoda; crayfish; damsels",NA,NA,2,2,0,2,"Soft","Clay","Turb",NA,NA,10,11,6,17,13,15,10,8,8,9,8,9,7,NA,21.8,908,4.7,54,7.4,NA,"14377645430001.jpg","14377645430002.jpg","No","No",NA,"test","test",NA,NA,NA,NA,NA,NA,NA,41.8515530455829,49.9798305768455,6.26260588947156,1.90601048810004,56.2424364663171,-0.874374382766171
"03-FOMI_S-0.1","2",3,2015-07-21,"13:45","heitz novak",0.2,3,0,NA,NA,0,88,NA,NA,NA,NA,NA,NA,NA,"Rural residential",NA,NA,NA,2,0,2,2,NA,"Clay","Turb",NA,NA,10,15,5,11,13,15,13,6,6,4,4,10,9,NA,23,834,6,71,7.7,NA,"14377645430003.jpg","14377645430004.jpg","No","No",NA,"test","test",NA,NA,NA,NA,NA,NA,NA,51.2148669706239,38.5121486697062,8.65700929185664,1.61597506781324,47.1691579615628,-0.537876787803749
"03-GUFF-0.9","2",3,2015-07-21,"14:34","A. Smith; R. Smith",0.3,5,10,NA,NA,100,2,NA,NA,NA,NA,NA,NA,NA,"Agricultural","Impounded by beaver dam so there is very little flow if any. Filamentous algae and macrophytes cover the entire surface area of the water.",NA,NA,2,2,2,2,"Very soft","Clay","Turb",NA,NA,17,5,3,7,17,17,10,7,7,8,8,10,10,NA,24.6,373,1.7,20,6.9,NA,"14377607730003.jpg","14377607730004.jpg","No","No",NA,"test","test",NA,NA,NA,NA,NA,NA,NA,39.1154188948307,3.31996434937611,57.4866310160428,0.0779857397504456,60.8065953654189,-0.86656622194937
"03-HRTB-2.2","3",3,2015-07-21,"12:53","A. Smith; R. Smith",0.2,3,70,NA,NA,20,NA,NA,NA,NA,NA,NA,NA,NA,"Agricultural and residential","Small; shallow low gradient stream with exposed roots from riparian vegetation.",NA,NA,2,2,2,2,"Soft","Sand","Turb",NA,NA,14,16,8,12,17,13,9,6,8,5,8,2,2,NA,22,718,7.1,80,7.7,NA,"14377607730001.jpg","14377607730002.jpg","No","No",NA,"test","test",NA,NA,NA,NA,NA,NA,NA,27.6710796196159,4.48132264279943,65.8835229038473,1.96407483373734,70.3648455466467,-1.48524561048954
"03-JEDO_T3-0.4","3",3,2015-07-08,"09:58","BDuffy; RSmith",0.2,0.4,0.2,NA,NA,10,3,NA,NA,NA,NA,NA,NA,NA,"Agricultural",NA,NA,NA,2,2,2,2,"Hard","Gravel",NA,NA,NA,16,5,5,15,18,17,6,8,8,7,7,3,3,NA,18.35,879,10.69,113,8.06,NA,"14363970980001.jpg","14363970980002.jpg","No","No",2.19,"test","test",NA,NA,NA,NA,NA,NA,NA,17.1957671957672,3.43915343915344,78.3068783068783,1.05820105820106,81.7460317460317,-2.11848235757067
"03-JOHN-13.7","3",3,2015-07-21,"14:53","JL/JD",3,15,5,NA,NA,10,86,NA,NA,NA,NA,NA,NA,NA,"AG","Net Jab too deep to center",NA,NA,2,1,2,2,"Very soft","Silt","Turb",NA,NA,12,2,1,12,16,12,8,3,3,5,5,3,6,NA,25,694,6.6,82.7,8.13,NA,"14377589820007.jpg","14377589820008.jpg","No","No",NA,"test","test",NA,NA,NA,NA,NA,NA,NA,36.4182025623565,6.19574383649983,57.1619263221029,0.224127279040717,63.3576701586027,-1.84236099889458
"03-MIDL-2.4","3",3,2015-07-21,"12:56","JL/JD",0.6,3,10,NA,NA,40,36,NA,NA,NA,NA,NA,NA,NA,"AG.","Small stream at culvert",NA,NA,2,2,2,2,"Soft","Silt","Turb",NA,NA,15,8,2,8,18,14,4,6,6,4,4,3,3,NA,19.3,939,3.61,39.3,7.73,NA,"14377589820005.jpg","14377589820006.jpg","No","No",NA,"test","test",NA,NA,NA,NA,NA,NA,NA,28.4602688045272,3.86701249705258,67.6727186984202,0,71.5397311954728,-2.28057750019432
"03-SAND_T21-4.0","1",3,2015-07-16,"09:39","RSmith; Jlojpsberger; CLawrence",0.3,1,0,NA,NA,10,NA,NA,NA,NA,NA,NA,NA,NA,"Wetlands; forest",NA,NA,NA,2,2,2,2,"Soft","Clay","DOC",NA,NA,14,14,16,15,19,20,20,9,10,10,10,10,10,NA,18.8,95,5.03,54.5,6.8,NA,"14370659950019.jpg","14370659950020.jpg","Yes","No",NA,"ref","ref",NA,NA,NA,NA,NA,NA,NA,94.5520183787332,0.525106662290778,3.80702330160814,1.1158516573679,4.33212996389892,2.68179109383141
"03-TELV-12.8","2",3,2015-07-21,"15:44","Heitz novak",0.3,3,0,NA,NA,40,55,NA,NA,NA,NA,NA,NA,NA,"Agricultural","Substrate is mainly decomposed plant matter and very sticky mud!",NA,NA,NA,2,NA,2,"Very soft","Silt","Turb",NA,NA,11,11,6,9,14,15,8,7,7,9,9,10,10,NA,24.5,739,5.1,61,7.4,NA,"14377645430005.jpg","14377645430006.jpg","No","No",NA,"test","test",NA,NA,NA,NA,NA,NA,NA,49.1469455145845,5.99889928453495,44.0286186020914,0.825536598789213,50.0275178866263,-0.72141870610185
"03-YANT_T1c-0.2","3",3,2015-07-22,"10:00","JL/JD",0.12,1,10,NA,NA,80,52,NA,NA,NA,NA,NA,NA,NA,"AG","Channel above stagnant pool; south of Srinagar 360. Micro tox sample done",NA,NA,2,2,0,2,"Hard","Sand","Turb",NA,NA,3,3,5,3,10,17,10,5,6,3,6,2,4,NA,18,779,6.45,68.6,7.46,NA,"14377589820011.jpg","14377589820012.jpg","No","No",NA,"test","test",NA,NA,NA,NA,NA,NA,NA,33.8132198297446,2.8042063094642,63.3825738607912,0,66.1867801702554,-2.39603677390686
"04-BLAK_N_T1-1.1","2",4,2019-07-23,"13:09","Conine,Lemley",0.2,3,10,NA,-9999,30,60,NA,5,0,0,0,95,0,"Agriculture","",NA,NA,2,2,2,2,"Very_soft","Silt",NA,"","Low",16,15,7,16,15,14,8,8,7,9,9,6,5,"",18,774,6.76,71.9,7.65,0.38,NA,NA,NA,NA,NA,NA,NA,NA,NA,NA,NA,NA,NA,NA,54.2450583472255,2.60180995475113,43.1531316980233,0,45.7549416527744,-0.497490025493447
"04-BLAK_T16-0.8","3",4,2019-07-23,"14:18","Conine,Lemley",0.1,0.5,20,0,0,10,30,NA,0,0,10,0,90,0,"Agriculture","",NA,NA,2,2,1,2,"Soft","Silt","DOC","","Low",5,8,3,11,9,6,3,6,6,4,4,5,5,"",21,627,9.12,102,8.29,0.31,NA,NA,NA,NA,NA,NA,NA,NA,NA,NA,NA,NA,NA,NA,39.7279939554212,2.43294295428787,57.8390630902909,0,60.2720060445788,-1.97051907639151
"04-BLAK_T7-3.0","3",4,2015-07-07,"15:50","Duffy RSmith",0.3,4,0.05,NA,NA,30,40,NA,NA,NA,NA,NA,NA,NA,"Ag","Sites flows through onstream pond just upstream",NA,NA,2,2,2,2,"Very soft","Silt","Turb",NA,NA,14,8,10,12,18,15,15,5,7,8,8,6,2,NA,25.2,970,10.2,115,7.4,NA,"14363970980023.jpg","14363970980024.jpg","No","No",5,"test","test",NA,NA,NA,NA,NA,NA,NA,38.7188323535374,51.7534968578958,9.00060814919927,0.527062639367525,60.7541050070951,-0.982422758285225
"04-BLCE-5.2","1",4,2019-07-24,"15:40","Lemley,Conine",0.8,15,25,10,1,10,20,10,0,10,0,0,90,0,"Forest","","Poor","Adequate",2,0,1,2,"Soft","Silt","DOC","","Low",12,10,12,14,14,14,7,8,8,9,8,9,8,"",23,114,8.75,102.2,7.6,0.05,NA,NA,NA,NA,NA,NA,NA,NA,NA,NA,NA,NA,NA,NA,77.0808296786478,1.86974232516036,20.4423079924461,0.607120003745728,22.3120503176065,1.03791456655988
"04-JCOX-4.6","3",4,2015-07-08,"14:35","BDuffy; RSmith",0.4,12,0,NA,NA,10,25,NA,NA,NA,NA,NA,NA,NA,"Forest","Bedrock substrate. Macrophage and bank is dominant habitat. Substrate sample is specific to the macrophyte beds",NA,NA,2,2,NA,2,"Hard",NA,"Turb",NA,NA,8,3,5,15,19,19,5,8,8,8,8,8,8,NA,21.58,837,10.95,125,8.09,NA,"14363970980009.jpg","14363970980010.jpg",NA,"Yes",3.9,"test","test",NA,NA,NA,NA,NA,NA,NA,18.7036464771323,7.43974042027194,73.8566131025958,0,81.2963535228677,-1.96265924246072
"04-JCOX_S-3.7","3",4,2019-07-23,"16:27","Vanvessum,Schnore",NA,NA,-5,0,0,90,20,100,1,NA,NA,NA,99,NA,"","","Very_poor","Low_flow",2,2,0,2,"Very_soft","Silt",NA,"","Low",10,10,10,20,10,10,10,6,10,10,10,5,5,"",21,901,3.8,45,7.35,0.44,NA,NA,NA,NA,NA,NA,NA,NA,NA,NA,NA,NA,NA,NA,23.5507246376812,12.5,63.9492753623188,0,76.4492753623188,-1.98237127517238
"04-MCMI_S-5.0","2",4,2019-07-23,"14:40","Schnore,Vanvessum",NA,4,2,NA,1,30,70,70,0,30,10,60,0,0,"Forest","","Good","Sand",2,2,2,2,"Soft","Sand","Turbidity","Low gradient sandy bottom with rubble on top









","Low",16,18,7,16,18,19,7,9,9,9,9,5,9,"",23,316,6.9,86,7.62,0.15,NA,NA,NA,NA,NA,NA,NA,NA,NA,NA,NA,NA,NA,NA,67.2939193933436,4.79801526002902,27.3744324299022,0.533632916725179,32.1724476899312,0.706817276196309
"04-OATK-46.2","3",4,2015-07-29,"09:15","Lojpers; Heitz; Novak; Lawrence",0.3,12,33,NA,NA,NA,48,NA,NA,NA,NA,NA,NA,NA,"Agricultural","Moved site from original because of highly posted area Moved less than 1 mile downstream  Took sample for Chl A",NA,NA,2,2,2,2,"Soft","Silt","Turb",NA,NA,13,12,16,8,11,16,14,5,7,5,5,4,4,NA,22.2,574,6.2,71,7.7,NA,"14383508040001.jpg","14383508040002.jpg","No","No",NA,"test","test",NA,NA,NA,NA,NA,NA,NA,42.0258016266243,5.78333043977617,52.0907063395612,0.100161594038382,57.8740367793374,-0.941166046235228
"04-SPRG-10.1","3",4,2015-07-08,"15:04","BDuffy; RSmith",0.5,3,0.1,NA,NA,70,27,NA,NA,NA,NA,NA,NA,NA,"Wetlands; forest","Entire stream channel is enclosed by 3 meter tall cat tails.",NA,NA,1,2,0,2,"Soft","Silt","DOC",NA,NA,10,8,12,9,18,18,12,9,9,9,9,9,9,NA,22.14,722,3.05,35.2,7.44,NA,"14363970980017.jpg","14363970980018.jpg","No","No",5.35,"test","test",NA,NA,NA,NA,NA,NA,NA,16.9945014454963,5.1357632787257,77.869735275778,0,83.0054985545037,-1.70165061280206
"04-WCONI-0.6","2",4,2019-07-23,"15:20","Vanvessum,Schnore",0.15,3,27.3,20,1,20,70,80,10,0,40,30,20,0,"Forest","","Good","Adequate",2,2,2,2,"Soft","Silt","Turbidity","2020-02-12 NOTE- SDG date and sample dates were entered in reverse. Corrected these and HABs IDs accordingly.","Low",15,10,10,10,17,15,5,8,10,3,9,6,10,"",22,399,5.8,70,7.44,0.19,NA,NA,NA,NA,NA,NA,NA,NA,NA,NA,NA,NA,NA,NA,64.143082536239,4.69874765802189,30.9782072773888,0.179962528350261,35.6769549354107,0.243040749623288
"04-WDIT-0.1","3",4,2019-07-24,"12:00","Heitzman,Nichols",0.5,5,30,NA,-9999,10,80,NA,0,0,0,0,15,85,"Agriculture","",NA,NA,2,0,2,2,"Very_soft","Clay","Turbidity","Took 3 of 4 low gradient habitats Only tiny macrophytes, none in water anymore","Low",5,5,7,8,7,17,11,4,3,9,2,9,2,"",20,562,6.94,76.7,7.75,0.27,NA,NA,NA,NA,NA,NA,NA,NA,NA,NA,NA,NA,NA,NA,43.5497960393977,5.55862765369173,50.8611224645173,0.0304538423933514,56.419750118209,-1.32123007768634
"04-WMRSG-0.2","1",4,2019-07-25,"10:18","Conine,Lemley",0.5,6,10,20,3,20,10,NA,0,0,15,0,85,0,"Forest","","Good","Adequate",2,2,2,2,"Soft","Silt","Turbidity","Low gradient. Sampled above Wag Trail walking bridge in nature preserve.","Low",20,18,15,20,15,20,20,10,10,10,10,10,10,"",20,129,7.52,81.8,7.24,0.6,NA,NA,NA,NA,NA,NA,NA,NA,NA,NA,NA,NA,NA,NA,61.4338444065872,1.65247018739353,36.9136854060193,0,38.5661555934128,1.52583225253817
"05-CAMB-11.2","1",5,2015-06-15,"15:36","Rsmith; AJSmith; Emosher",0.2,2,10,NA,NA,10,36,NA,NA,NA,NA,NA,NA,NA,"Agriculture","Water clarity is very poor due to recent rains and higher water. If this site looks odd it could be its normally more high gradient. Also chlorophyl a is very high but I am guessing it is due to turbidity not algae.",NA,NA,2,2,2,2,"Soft","Silt","Turb",NA,NA,17,15,16,14,18,18,18,9,9,9,9,9,9,NA,19,136,7.5,82,6.7,NA,"Yes",NA,"No","Yes",2.9,"test","test",NA,NA,NA,NA,NA,NA,NA,53.968253968254,1.62800162800163,43.956043956044,0.447700447700448,45.5840455840456,1.23142553811848
"05-CBRO-1.8","3",5,2017-08-28,"14:20","Mosher heitzman",0.8,10,10,0,NA,60,41,NA,NA,NA,NA,NA,NA,NA,"Residential","Nice low gradient site, not gross",NA,"Adequate",2,2,2,2,"Soft","Silt","Turbidity",NA,NA,18,18,15,16,17,17,16,4,9,6,9,2,4,NA,15.5,706,6.3,64,7.2,0.36,NA,NA,NA,NA,NA,NA,NA,NA,0,"15040392720003.jpg","15040392720004.jpg",0,1,151,17.8124612907222,74.9783228044098,7.13489409141583,0.0743218134522482,82.1132168958256,-0.989145846258426
"05-STEO-35.7","2",5,2017-08-09,"11:56","Smith, Duffy",0.5,15,17,100,3,30,6,75,5,10,25,10,50,0,"Agriculture","Low gradient stream","Good","Other",2,2,2,2,"Soft","Silt","Turbidity",NA,NA,16,15,4,3,18,14,5,3,4,5,5,8,3,NA,20,635,6.7,76,7.7,NA,NA,NA,NA,NA,NA,NA,NA,NA,0,"15027233130033.jpg","15027233130034.jpg",0,1,103,63.9162045299381,6.07924397225982,29.7344560361245,0.270095461677586,35.8137000083843,-0.58820576278483
"05-WINI_T2-1.2","2",5,2015-06-15,"15:51","Rsmith; AJSmith; Emosher",0.09,1.5,0,NA,NA,25,8,NA,NA,NA,NA,NA,NA,NA,"Residential","Narrow low gradient site.",NA,NA,2,2,2,2,"Hard","Clay","Turb",NA,NA,10,6,5,14,16,12,6,4,7,6,7,4,7,NA,13.6,380,5.9,57,7.1,NA,"Yes",NA,"No","No",0.29,"ref","test","High cond, low DO. Consistent outlier in plots. Lots of Cragonyx, showing low WQ. Also lots of Limnephilus. These two dominate here.",NA,NA,NA,NA,NA,NA,83.5477707006369,7.94904458598726,8.5031847133758,0,16.4522292993631,0.590046864659112
"06-FABS-5.0","2",6,2015-07-03,"13:25","RSmith;JLopsberger",0.5,12,70,NA,NA,20,15,NA,NA,NA,NA,NA,NA,NA,"Wetland; agriculture","Braided. Heavy sediment deposits.",NA,NA,2,2,2,2,"Hard","Gravel",NA,NA,NA,19,12,18,7,19,19,16,9,9,9,9,9,9,"Near culvert it is very silty. 30 meters up it becomes more gravel bottomed",14.55,560,10.82,106.2,7.66,NA,"14359571840007.jpg","14359571840008.jpg","No","No",0.14,"test","test",NA,NA,NA,NA,NA,NA,NA,35.4523227383863,6.00874268355931,57.4572127139364,1.08172186411795,63.4659553974957,-0.299251699071637
"06-FLYS-0.7","2",6,2015-07-03,"11:34","RSmith; JLopsberger",0.7,8,40,NA,NA,50,99,NA,NA,NA,NA,NA,NA,NA,"Wetland/meadow","Extreme deposition. Very difficult to walk in all parts of stream due to deposition. Woody debris sample was very sparse.",NA,NA,2,2,2,2,"Very soft","Silt","Turb",NA,NA,13,8,14,3,18,18,18,9,9,9,7,9,7,"Very sinuous. Extremely large amount of macrophytes in center channel. Look at photograph for site.",14.73,393,10.74,106,7.71,NA,"14359571840019.jpg","14359571840020.jpg","No","No",2.17,"test","test",NA,NA,NA,NA,NA,NA,NA,42.6509545994336,3.0282269114826,53.8183977345391,0.502420754544624,56.8466246460217,-0.492528851065833
"06-MADB-0.1","2",6,2015-07-03,"10:55","RSmith; JLopsberger",0.7,7,0.4,NA,NA,10,93,NA,NA,NA,NA,NA,NA,NA,"Agricultural",NA,NA,NA,2,2,2,2,"Soft","Silt","Turb",NA,NA,15,13,13,16,19,18,10,10,10,5,6,5,5,"0",13.89,211,8.8,85,7.13,NA,"14359571840017.jpg","14359571840018.jpg",NA,"No",0.42,"test","test",NA,NA,NA,NA,NA,NA,NA,66.7940658788031,3.20341966306261,29.7661553935127,0.236359064621574,32.9695750565753,0.985458843868957
"06-NING-7.7","1",6,2015-07-16,"12:22","RSmith; Jlojpsberger; CLawrence",0.6,3,0.4,NA,NA,50,25,NA,NA,NA,NA,NA,NA,NA,NA,NA,NA,NA,2,2,2,2,"Soft","Silt","DOC",NA,NA,13,14,15,14,19,19,18,10,10,10,10,10,10,NA,16.89,84,8.79,90.7,6.87,NA,"14370659950067.jpg","14370659950068.jpg","Yes","No",NA,"ref","ref",NA,NA,NA,NA,NA,NA,NA,88.7317719840919,0.980998674326116,10.0309323906319,0.256296950950066,11.011931064958,2.14230454651196
"07-BLDY-0.1","3",7,2016-07-13,"09:52","Lope,heitz",0.35,3.5,5,100,3,30,0,10,0,30,10,50,10,NA,"Residential","Low gradient",NA,"Adequate",2,2,0,2,"Hard","Sand","Turbidity",NA,NA,2,4,1,4,6,1,1,8,8,1,1,0,0,"Stream near Onondaga lake. Middle of town park.",20.2,2592,7.1,79,7.9,1.3,NA,NA,NA,NA,NA,NA,NA,NA,0,"14688517040003.jpg","14688517040004.jpg",NA,1,37,10.738720872583,87.4665344571145,1.79474467030243,0,89.2612791274169,-5.15764046033244
"07-BUTL-3.5","2",7,2015-07-07,"13:23","Duffy RSmith",0.8,8,0.2,NA,NA,NA,80,NA,NA,NA,NA,NA,NA,NA,"Ag","Site deep and soft bottomed like all sites for this Syracuse area trip. Evidence of r cent high flow",NA,NA,2,2,2,2,"Very soft","Silt","Turb",NA,NA,10,10,10,18,20,15,15,10,9,10,9,5,10,NA,22.1,610,7.2,82,7.8,NA,"14363970980035.jpg","14363970980036.jpg","No","No",3.1,"test","test",NA,NA,NA,NA,NA,NA,NA,42.6447909527073,3.19568197395476,54.0738519533927,0.0856751199451679,57.2695339273475,-0.473856626369526
"07-CANA-32.8","2",7,2016-07-12,"13:36","Chong, Duffy",1,7,30,10,NA,30,NA,NA,NA,NA,NA,NA,NA,NA,"Residential",NA,NA,NA,2,2,2,2,"Soft","Silt","Susp algae",NA,NA,16,14,15,NA,18,17,11,7,8,10,10,2,3,NA,24.07,536,9.08,108,8.14,0.26,NA,NA,NA,NA,NA,NA,NA,NA,0,"14685037830005.jpg","14685037830006.jpg",NA,1,131,48.3109665427509,7.09925650557621,35.6228624535316,8.96691449814126,42.7221189591078,-0.339181878120544
"07-COWA_T10-0.9","2",7,2016-07-14,"08:55","LOPE, HEITZ",3,3,10,NA,NA,10,60,NA,NA,NA,NA,NA,NA,NA,"Residential","Heavy rains previous night. Oil sheen on water, could be from National Grid working on power lines that fell in storm. Small YOY smallmouth bass",NA,"Low flow",2,2,2,2,"Very soft","Silt","Turbidity",NA,NA,12,13,12,13,16,19,11,8,8,9,7,9,6,NA,22,551,4.8,57,7.69,0.27,NA,NA,NA,NA,NA,NA,NA,NA,1,"14688517040007.jpg","14688517040008.jpg",NA,1,143,37.2404554588078,37.3074346952445,25.4521098459478,0,62.7595445411923,-0.404393864777214
"07-GEDD-1.4","3",7,2016-07-13,"14:12","Chong, Duffy",0.3,3,25,NA,NA,NA,75,NA,NA,NA,NA,NA,NA,NA,"Commercial",NA,"Good",NA,2,2,1,2,"Hard","Gravel",NA,NA,NA,12,17,17,NA,20,18,3,9,9,10,10,4,2,NA,18.03,2267,8.18,87,7.67,1.17,NA,NA,NA,NA,NA,NA,NA,NA,0,"14685037830017.jpg","14685037830018.jpg",NA,1,131,33.7187216120241,45.8832273515567,20.3650177553886,0.0330332810306384,66.2482451069453,-2.35570421867736
"07-HARB-0.5","3",7,2015-07-07,"10:39","Bduffy; Rsmith",0.8,3,10,NA,NA,40,30,NA,NA,NA,NA,NA,NA,NA,"Urban","High flood event caused trash to be present on stream bank plants. May have caused water to be very turbid as well.",NA,NA,2,2,NA,2,"Very soft","Silt","Turb",NA,NA,6,6,11,6,18,1,1,8,8,4,5,2,7,NA,14.49,2085,10.25,99.6,7.61,NA,"14363970980031.jpg","14363970980032.jpg","No","No",0.06,"test","test",NA,NA,NA,NA,NA,NA,NA,32.6882092045389,49.3692759633662,17.6401128967225,0.302401935372386,67.0093888600887,-3.26245252863032
"07-HENC_T4-1.2","3",7,2016-07-13,"08:35","Mosher smith",0.2,0.8,0,10,1,0,0,NA,0,25,35,20,10,10,"Agriculture","Low flow, low gradient, agriculture, large farm upstream, knotweed, bugs not bad.","Good","Low flow",2,0,0,2,"Hard","Gravel","Turbidity",NA,NA,7,18,6,13,17,11,8,8,8,5,7,1,1,"Ag field, knotweed surrounds",16.4,406,4.2,42,7.5,0.2,NA,NA,NA,NA,NA,NA,NA,NA,0,"14685084240015.jpg","14685084240016.jpg",NA,1,110,31.1237373737374,2.02020202020202,66.8560606060606,0,68.8762626262626,-1.06717166766492
"07-JACB-1.9","3",7,2016-07-12,"14:28","Mosher smith",0.2,3,4,30,1,10,1,75,0,10,10,30,40,10,"Agriculture","Low gradient","Poor","Other",2,2,0,2,"Soft","Silt","Turbidity",NA,NA,13,14,14,9,18,16,16,8,7,4,4,4,4,"Narrow low gradient, farm and pasture",18,730,8.1,85,8.1,0.4,NA,NA,NA,NA,NA,NA,NA,NA,1,"14685084240017.jpg","14685084240018.jpg",NA,1,131,15.4255834220974,3.28265711242374,81.2917594654789,0,84.5744165779026,-1.82763728967282
"07-LITR-0.2","1",7,2016-07-12,"14:48","LOPE, HEITZ",0.6,8,20,90,1,30,36,30,NA,NA,NA,NA,NA,NA,"Forest","LGSS",NA,"Other",2,2,2,2,"Hard","Silt","Turbidity",NA,NA,17,17,15,14,16,16,15,8,8,7,8,7,8,NA,21.8,119,8.3,96,7.6,0.05,NA,NA,NA,NA,NA,NA,NA,NA,1,"14688517040015.jpg","14688517040016.jpg",NA,1,156,89.2896079249498,0.537706771471257,7.87380378750151,2.29888151607737,8.41151055897277,1.72326159662455
"07-MUDE-4.4","2",7,2015-07-03,"09:24","RSmith; JLopsberger",0.24,1,0.4,NA,NA,10,33,NA,NA,NA,NA,NA,NA,NA,"Agricultural",NA,NA,NA,2,2,2,2,"Hard","Gravel",NA,NA,NA,14,18,15,17,19,14,15,9,9,6,9,2,8,NA,14.43,470,8.2,80.5,7.47,NA,"14359571840013.jpg","14359571840014.jpg","No","No",2.19,"test","test",NA,NA,NA,NA,NA,NA,NA,33.7402902166971,57.921549406645,8.26538341576438,0.0727769608935228,66.1869328224094,-0.0424841133749771
"07-MUSK-0.5","2",7,2015-07-07,"12:29","BDUFFY; RSMITH",0.8,8,40,NA,NA,40,5,NA,NA,NA,NA,NA,NA,NA,"Forest",NA,NA,NA,2,2,2,2,"Hard","Sand","DOC",NA,NA,14,12,13,8,14,18,13,9,9,8,8,8,7,NA,21.8,508,4.93,57.1,7.35,NA,"14363970980039.jpg","14363970980040.jpg","No","No",2.75,"test","test",NA,NA,NA,NA,NA,NA,NA,33.8832875038191,4.63601717400743,57.6696094038947,3.81108591827874,62.3056265779021,-0.667512129209805
"07-NINE-0.7","3",7,2016-07-13,"13:50","Dong",0.7,15,10,NA,NA,10,15,NA,NA,NA,NA,NA,NA,NA,"Commercial",NA,"Poor",NA,2,1,1,2,"Soft","Silt","Turbidity",NA,NA,8,13,13,NA,17,8,0,5,5,6,6,1,1,NA,22.2,2743,10.4,120,7.9,1.42,NA,NA,NA,NA,NA,NA,NA,NA,0,"14685037830025.jpg","14685037830026.jpg",NA,1,83,42.3738836591842,14.0972725078446,40.1873642288197,3.34147960415158,54.2846367366643,-3.47969313832302
"07-NORB_T10-1.5","2",7,2016-07-13,"08:08","Chong, Duffy",0.1,1,NA,NA,NA,NA,100,NA,NA,NA,NA,NA,NA,NA,"Agriculture","Scud dominated",NA,"Adequate",2,1,2,2,"Soft","Sand","Turbidity",NA,NA,17,17,7,18,15,15,14,9,9,10,10,10,10,NA,18.29,724,6.91,73.1,7.94,0.35,NA,NA,NA,NA,NA,NA,NA,NA,0,"14685037830039.jpg","14685037830040.jpg",NA,1,161,33.8912133891213,19.3305439330544,46.7782426778243,0,66.1087866108787,-0.677283964427238
"07-ONON_W_T7-1.5","3",7,2015-07-03,"14:54","RSmith; JLopsberger",0.15,0.5,NA,NA,NA,40,2,NA,NA,NA,NA,NA,NA,NA,"Wetlands; agriculture",NA,NA,NA,2,2,NA,2,"Soft","Silt","Turb",NA,NA,14,8,6,9,19,19,8,9,9,6,10,4,10,NA,19.47,817,8.04,87.4,7.79,NA,"14359571840011.jpg","14359571840012.jpg","No","No",1.02,"test","test",NA,NA,NA,NA,NA,NA,NA,6.40176600441501,4.74613686534216,88.8520971302428,0,93.598233995585,-2.26904584276461
"07-POBK_T4-1.5","3",7,2015-07-07,"14:25","Duffy RSmith",0.1,1,0.5,NA,NA,10,70,NA,NA,NA,NA,NA,NA,NA,"Ag","Very small site.probably different streams  type than what we think of as low grad",NA,NA,NA,NA,NA,NA,"Soft","Sand","Turb",NA,NA,10,6,10,10,15,13,12,7,7,8,8,9,2,NA,21.6,1478,6.8,77,7.5,NA,"14363970980037.jpg","14363970980038.jpg",NA,"Yes",0.8,"test","test",NA,NA,NA,NA,NA,NA,NA,5.74412532637076,12.3585726718886,81.4621409921671,0.435161009573542,93.8207136640557,-2.88545623237687
"07-SNDR-1.5","3",7,2016-07-13,"11:18","Lope,heitz",0.25,1.5,0.5,100,1,30,2,20,0,25,30,30,15,NA,"Commercial","Crawfish in large number. On a low gradient ditch stream low gradient protocol no wga   70 crawfish counted in sample. Removed some for effective. Preservation. Appeared to be all rusticus.",NA,"Adequate",2,2,0,2,"Soft","Silt","Turbidity",NA,NA,1,1,1,2,6,2,1,4,3,3,2,0,0,"City drainage ditch called a creek.  Did see a muskrat.  And huge number of crawfish in the low grad composite",23,2708,2.6,30,7.27,1.41,NA,NA,NA,NA,NA,NA,NA,NA,0,"14688517040029.jpg","14688517040030.jpg",NA,0,26,12.5377643504532,77.7567975830816,9.70543806646526,0,87.4622356495469,-5.22359193841916
"07-WBOT-0.3","3",7,2015-07-07,"11:24","RSmith; BDuffy",0.6,4,30,NA,NA,40,5,NA,NA,NA,NA,NA,NA,NA,"Forest; wetland","Sank down extremely far in substrate.",NA,NA,1,2,2,2,"Very soft","Silt","Turb",NA,NA,15,9,14,10,14,15,10,7,8,8,6,9,4,"Right bank is adjacent to a home",19.9,1145,7.7,84.5,7.74,NA,"14363970980033.jpg","14363970980034.jpg","No","No",1.62,"test","test",NA,NA,NA,NA,NA,NA,NA,43.2365308481078,7.62534733321858,48.7963213416283,0.34180047704527,56.4216686748469,-1.40719564571
"08-BARE_T5-0.5","1",8,2015-06-19,"15:53","Rsmith; AJSmith; Emosher",0.5,8,60,NA,NA,25,17,NA,NA,NA,NA,NA,NA,NA,"Forest","Nice reference site. Small spill way at downstream end of reach probably makes water temp be a little high.",NA,NA,2,2,2,2,"Soft","Sand","DOC",NA,NA,16,17,17,18,18,18,17,10,10,10,10,10,10,NA,19,70,6.9,75,5.9,NA,"Yes",NA,"Yes","No",2,"ref","ref",NA,NA,NA,NA,NA,NA,NA,92.2036082474227,1.09536082474227,0,6.70103092783505,1.09536082474227,3.02327431349434
"08-BENE-0.2","1",8,2017-09-12,"12:54","Mosher onion",1,10,NA,NA,NA,10,13,NA,NA,NA,NA,NA,NA,NA,"Wetland","May have once been riffle, now very much low gradient, hard bottomed",NA,"Adequate",2,2,2,2,"Hard","Sand","DOC",NA,NA,16,17,13,16,17,19,16,9,9,10,10,10,10,NA,11.8,17.6,9.99,98.1,6.42,NA,NA,NA,NA,NA,NA,NA,NA,NA,0,"15057415140005.jpg","15057415140006.jpg",0,1,172,98.4514910046825,0.0903639201511542,0,1.45814507516635,0.0903639201511542,2.94605732840934
"08-BLAC-2.5","1",8,2015-07-16,"08:41","RSmith; Jlojpsberger; CLawrence",0.5,3,0,NA,NA,0,15,NA,NA,NA,NA,NA,NA,NA,"Agricultural",NA,NA,NA,NA,NA,NA,NA,"Soft","Sand","DOC",NA,NA,10,13,13,12,19,17,11,8,5,7,6,7,3,NA,15.34,59,9.39,93.9,6.97,NA,"14370659950017.jpg","14370659950018.jpg","No","No",NA,"ref","ref",NA,NA,NA,NA,NA,NA,NA,88.9170647323622,0.377425252108274,10.3143244677714,0.391185547758055,10.6917497198797,1.72873263613493
"08-MURM-3.4","1",8,2017-09-13,"10:17","Smith, Duffy",0.3,5,34,50,1,20,13,25,NA,NA,NA,100,NA,NA,"Agriculture","Nice low gradient stream even though it is in the middle of dense agricultural land.",NA,NA,2,2,2,2,"Soft","Sand","DOC",NA,NA,17,18,17,17,18,13,18,8,8,8,8,5,5,NA,12,48,10.1,93,6.5,NA,NA,NA,NA,NA,NA,NA,NA,NA,0,"15057436650021.jpg","15057436650022.jpg",0,1,160,90.3883640725746,0.152446643674714,9.00434847803269,0.454840805717999,9.1567951217074,2.34221829593143
"09-ALLE-1.9","1",9,2015-07-15,"10:58","RSmith; Jlojpsberger;CLawrence",0.1,1,0,NA,NA,0,100,NA,NA,NA,NA,NA,NA,NA,"Forest","Heavily wooded. No detectable flow. Bridge construction going on downstream. Semi-aquatic plants and terrestrial plants in stream",NA,NA,2,0,2,2,"Hard","Clay","DOC",NA,NA,14,8,6,10,16,15,6,8,8,9,9,10,10,NA,18.67,290,2.6,28,6.87,NA,"14370659950033.jpg","14370659950034.jpg","No","No",NA,"test","ref","LU rounds up to 75. Add as ref site?",NA,NA,NA,NA,NA,NA,74.6505696310151,0.93861588165278,24.206767556538,0.204046930794083,25.1453834381908,1.02802170869009
"09-BIBK-5.4","1",9,2019-09-10,"13:10","Lemley,Vanvessum",1,10,10,50,3,30,0,10,NA,NA,NA,NA,NA,NA,"Forest","","Good","Adequate",2,2,0,2,"Hard","Sand","Turbidity","","Low",10,14,18,19,19,20,19,10,10,10,10,7,7,"",16,46,9.16,92.4,7.03,0.02,NA,NA,NA,NA,NA,NA,NA,NA,NA,NA,NA,NA,NA,NA,91.4789502460361,1.67987971569163,0,6.84117003827228,1.67987971569163,2.44245370946196
"09-BLCH-0.2","1",9,2015-07-15,"17:28","RSmith; Jlojpsberger; CLawrence",1.2,6,0,NA,NA,20,15,NA,NA,NA,NA,NA,NA,NA,"Forest; wetlands",NA,NA,NA,2,2,0,2,"Very soft","Silt","DOC",NA,NA,8,6,7,11,19,19,8,10,10,9,9,8,7,NA,22.83,164,6.02,69.6,7.26,NA,"14370659950061.jpg","14370659950062.jpg","No","No",NA,"ref","ref",NA,NA,NA,NA,NA,NA,NA,97.5918740013695,0.55352659210226,0.336681123031271,1.51791828349692,0.890207715133531,1.69109474833691
"09-BRND-2.5","2",9,2015-09-22,"10:38","Duffy; Lope; Heitzman",0.5,12,0.1,NA,NA,10,35,NA,NA,NA,NA,NA,NA,NA,"Residential",NA,NA,NA,2,2,1,2,"Hard","Silt","Turb",NA,NA,11,13,13,12,13,16,12,6,4,8,5,8,6,NA,13.9,309,11,107,7.7,NA,"14431838420001.jpg","14431838420002.jpg","No","No",NA,"test","test",NA,NA,NA,NA,NA,NA,NA,72.6028363790305,2.4725080888208,24.5164346695427,0.408220862605961,26.9889427583635,0.549923237413
"09-CEDL-0.1","1",9,2015-07-15,"15:03","RSmith; Jlojpsberger; CLawrence",1,2.5,0,NA,NA,30,0,NA,NA,NA,NA,NA,NA,NA,"Forest; wetlands","Very rural area. Heavy deposits of sediment.",NA,NA,2,2,0,2,"Very soft","Silt","DOC",NA,NA,12,7,10,7,19,20,15,10,10,10,10,10,10,"This could be used as a reference site.",21.73,339,4.53,51.6,7,NA,"14370659950023.jpg","14370659950024.jpg","No","No",NA,"ref","ref",NA,NA,NA,NA,NA,NA,NA,89.3393612366924,0.758349132273589,3.88653930290214,6.01575032813184,4.64488843517573,1.66793150894655
"09-CHPW-11.0","2",9,2019-09-17,"12:15","Lemley,Stoll",1,4,0.1,NA,-9999,70,30,NA,0,0,0,0,100,0,"Agriculture","","Poor","Low_flow",2,2,2,2,"Very_soft","Silt","Susp_algae","No visible flow. Active flow from small trib on n bank.","Low",20,18,14,16,17,17,18,10,10,3,3,7,7,"",13,604,2.5,24,7.36,0.3,NA,NA,NA,NA,NA,NA,NA,NA,NA,NA,NA,NA,NA,NA,58.1224579936323,4.23836428216501,37.250860371386,0.388317352816681,41.489224653551,0.117059470262435
"09-ENGL-17.6","1",9,2015-07-15,"08:35","RSmith; Jlojpsberger; CLawrence",1,2.5,10,NA,NA,10,1,NA,NA,NA,NA,NA,NA,NA,"Meadow","Water extremely dark from DOC staining.",NA,NA,2,2,0,2,"Hard","Gravel","DOC",NA,NA,12,16,11,16,19,20,6,10,10,7,7,4,9,NA,20.05,111,4.2,47.2,6.54,NA,"14370659950037.jpg","14370659950038.jpg","Yes","No",NA,"ref","ref",NA,NA,NA,NA,NA,NA,NA,93.775287892935,2.39651416122004,0.560224089635854,3.26797385620915,2.95673825085589,2.25774099096179
"09-FARR-3.1","2",9,2015-07-15,"10:22","RSmith; Jlojpsberger; CLawrence",1.5,5,10,NA,NA,30,0,NA,NA,NA,NA,NA,NA,NA,"Forest; meadow",NA,NA,NA,2,2,2,2,"Very soft","Silt","DOC",NA,NA,7,7,11,8,6,19,19,7,7,8,8,10,10,NA,20.12,213,7.31,80.9,7.52,NA,"14370659950065.jpg","14370659950066.jpg","Yes","No",NA,"test","test","Possible ref site, 74% LU. Noted as possible in field sheet.",NA,NA,NA,NA,NA,NA,74.0171000070082,2.7542224402551,22.8747634732637,0.353914079472983,25.6289859135188,0.642880388437816
"09-FSCR-9.2","2",9,2019-09-11,"09:32","Duffy,Smith_Z",2,15,1,50,3,60,0,NA,NA,NA,100,NA,NA,NA,"Agriculture","","Poor","Other",2,2,0,2,"Hard","Gravel","DOC","Low gradient site that was deep and hard to access. No snags present and definitely a wetland associated lg stream. Bottom was gravely in area sampled.","Low",9,8,6,18,20,17,12,10,10,10,10,10,9,"",16,250,3.1,33,6.6,0.2,NA,NA,NA,NA,NA,NA,NA,NA,NA,NA,NA,NA,NA,NA,52.4071942446043,2.41438848920863,37.5942446043165,7.5841726618705,40.0086330935251,0.539247619213947
"09-JEWT-3.1","2",9,2015-09-23,"10:15","Lope; Duffy; Heitzman; Kate Smith",1,20,0,NA,NA,10,10,NA,NA,NA,NA,NA,NA,NA,"Agricultural","No sediment sample; hard bottom No tissue",NA,NA,2,2,NA,2,"Hard","Gravel","Turb",NA,NA,12,13,12,14,14,15,16,7,8,3,4,3,1,NA,13.4,350,3.4,34,7,NA,"14431838420013.jpg","14431838420014.jpg","No","No",NA,"test","test",NA,NA,NA,NA,NA,NA,NA,60.4533794915643,4.43160726575045,33.8053429542658,1.30967028841943,38.2369502200162,0.307497552548849
"09-LSAL_T1-1.0","3",9,2015-09-21,"14:05","Duffy; Lope; Heitzman",0.1,0.5,0,NA,NA,50,0,NA,NA,NA,NA,NA,NA,NA,"Agricultural","Very little water in channel Collected diatom sample with pipettes only; no rocks",NA,NA,2,1,NA,1,"Soft","Silt","Turb",NA,NA,11,7,5,15,7,17,11,8,8,5,5,9,9,NA,17,573,8,82,7.4,NA,"14431838420017.jpg","14431838420018.jpg","No","No",NA,"test","test",NA,NA,NA,NA,NA,NA,NA,39.3175074183976,2.34421364985163,58.3382789317507,0,60.6824925816023,-1.11391209129478
"09-LSUK-11.3","3",9,2015-07-15,"12:57","RSmith",0.5,2.5,0,NA,NA,0,20,NA,NA,NA,NA,NA,NA,NA,"Agricultural","Engine block; carpets and other trash in stream. Lots of woody debris",NA,NA,2,0,2,2,"Soft","Silt","Turb",NA,NA,13,11,11,7,20,18,16,7,8,5,7,8,8,"Stream is surrounded on all sides by agricultural fields.",21.54,345,6.21,70.9,7.18,NA,"14370659950031.jpg","14370659950032.jpg","No","No",NA,"ref","test","Non-ref site? Habitat scores are low, notes \Stream is surrounded on all sides by agricultural fields\. Much of basin is high natural LU, but site is very ag heavy. Note says lots of dumping at site.",NA,NA,NA,NA,NA,NA,83.4649122807018,3.02631578947368,12.7631578947368,0.745614035087719,15.7894736842105,-5
"09-LTTL-13.2","2",9,2019-09-10,"14:08","Conine,Stoll",1.75,4,20,0,0,50,40,70,0,10,5,5,40,40,"Forest","","Very_poor","Adequate",2,0,2,2,"Very_soft","Silt","Turbidity","Low gradient with deep channel. Lots of leaf litter. No observable bugs in net. Very turbid and tannic.","Low",10,7,12,4,10,6,5,6,5,6,3,7,2,"",18,390,6.63,74,6.14,0.19,NA,NA,NA,NA,NA,NA,NA,NA,NA,NA,NA,NA,NA,NA,87.7858052143436,3.07834741349381,0.352141782531784,8.78370558963083,3.43048919602559,0.657504707259614
"09-MARA-4.5","1",9,2019-09-10,"11:11","Vanvessum,Lemley",1,15,5,NA,-9999,NA,0,NA,0,0,0,0,70,30,"Forest","","Poor","Low_flow",2,2,0,2,"Soft","Silt","DOC","","Low",6,12,11,17,18,19,19,10,10,10,10,10,10,"",15,81,7.19,72,6.72,0.04,NA,NA,NA,NA,NA,NA,NA,NA,NA,NA,NA,NA,NA,NA,86.334427442097,2.34848134621608,0,11.3170912116869,2.34848134621608,2.23539877813726
"09-OTTS-0.2","2",9,2019-09-17,"15:52","Lemley,Stoll",0.2,3,5,NA,-9999,10,20,NA,0,0,10,0,90,0,"Wetland","","Good","Adequate",2,2,0,2,"Very_soft",NA,"Turbidity","","Low",13,12,11,16,17,20,18,10,10,10,10,10,10,"",18,334,6,63,7.28,0.16,NA,NA,NA,NA,NA,NA,NA,NA,NA,NA,NA,NA,NA,NA,45.5862915407855,6.12726586102719,47.4603474320242,0.826095166163142,53.5876132930514,0.514301343085874
"09-PIKC-8.7","2",9,2015-09-21,"16:30","Duffy; Lope; Heitzman",0.5,5,10,NA,NA,20,NA,NA,NA,NA,NA,NA,NA,NA,"Agricultural",NA,NA,NA,1,2,2,2,"Soft","Silt","Turb",NA,NA,13,11,12,12,13,16,15,4,3,1,2,5,7,NA,19.1,211,8.2,87,7.7,NA,"14431838420021.jpg","14431838420022.jpg","No","No",NA,"ref","ref",NA,NA,NA,NA,NA,NA,NA,90.6359028372062,0.128365479560266,6.01342900401554,3.22230267921796,6.14179448357581,0.98095953526866
"09-PLMB-12.4","1",9,2015-09-22,"15:25","Duffy; Lope; Heitzman",0.4,6,20,NA,NA,20,53,NA,NA,NA,NA,NA,NA,NA,"Forest",NA,NA,NA,2,2,2,2,"Hard","Sand","DOC",NA,NA,17,17,13,8,9,20,16,7,5,8,5,6,10,NA,15.9,65,8.9,90,7,NA,"14431838420023.jpg","14431838420024.jpg","No","No",NA,"ref","test","Possibly not ref site! Does not cluster well. Dominance of Maccaffertium modestum tells non-low gradient…",NA,NA,NA,NA,NA,NA,96.8220867239386,0.389872384794977,0.145068794342317,2.64297209692409,0.534941179137294,2.0520334437543
"09-SCKE-16.4","2",9,2015-07-15,"13:38","RSmith; Jlojpsberger; CLawrence",0.5,2,0,NA,NA,100,0,NA,NA,NA,NA,NA,NA,NA,"Agricultural","100% of stream is algae and macrophyte choked. Very likely agricultural runoff affecting stream.",NA,NA,2,2,NA,2,"Very soft","Silt","Susp Algae",NA,NA,4,6,11,10,20,20,14,10,10,8,8,9,9,NA,14.2,564,14.19,137.2,7.11,NA,"14370659950029.jpg","14370659950030.jpg","No","No",NA,"test","test",NA,NA,NA,NA,NA,NA,NA,49.3309172010036,3.86116531920825,44.8146083077781,1.99330917201004,48.6757736269863,-0.556802106435023
"09-SOAP-0.8","2",9,2019-09-18,"08:44","Lemley,Stoll",0.5,3,5,NA,-9999,50,30,NA,0,0,0,0,100,0,"Agriculture","","Poor","Adequate",2,2,0,2,"Very_soft","Silt",NA,"","Low",12,16,10,16,14,18,13,10,10,7,7,6,5,"",13,516,6,57,7.59,0.25,NA,NA,NA,NA,NA,NA,NA,NA,NA,NA,NA,NA,NA,NA,45.5325232308792,5.62306409340005,48.8444126757208,0,54.4674767691209,-0.441181437559748
"09-TRAY-2.9","2",9,2015-07-15,"11:57","RSmith;Jlojpsberger; CLawrence",0.5,3,0,NA,NA,80,0,NA,NA,NA,NA,NA,NA,NA,"Residential; business","Bank has been cleared of woody vegetation.",NA,NA,2,2,2,2,"Soft","Clay","DOC",NA,NA,12,14,15,11,19,18,19,5,8,4,8,0,9,"Looks to have been past beaver activity. Short cut grass along most of left side of stream (facing downstream).",22.38,284,5.87,67.7,7.36,NA,"14370659950027.jpg","14370659950028.jpg","No","No",NA,"ref","ref",NA,NA,NA,NA,NA,NA,NA,78.5259793990926,2.45384769024453,18.164179530345,0.855993380317859,20.6180272205895,0.739655021204551
"09-WHIK-0.8","2",9,2019-09-11,"10:42","Duffy,Smith_Z",0.3,4,30,100,3,20,10,NA,NA,NA,100,NA,NA,NA,"Agriculture","","Good","Other",2,2,1,2,"Hard","Gravel","Turbidity","Low gradient stream with a riffle present. Textbook example of both habitats present but we sampled low gradient because it was dominantp","Low",12,14,13,13,16,13,11,3,7,3,5,0,0,"",17,531,7.54,78.3,7.82,0.26,NA,NA,NA,NA,NA,NA,NA,NA,NA,NA,NA,NA,NA,NA,48.0760552363188,4.2510304160775,47.2396883179398,0.433226029663949,51.4907187340173,-0.866584106325682
"09-WSCK-3.4","3",9,2015-09-23,"12:00","Lope; Duffy; Heitzman; Kate Smith(Utica office)",0.5,10,0,NA,NA,50,10,NA,NA,NA,NA,NA,NA,NA,"Marsh; residential","Diatom pipetted off vegetation; no rocks",NA,NA,2,2,NA,2,"Hard","Gravel","Turb",NA,NA,14,13,15,12,15,16,13,5,4,5,4,7,9,NA,14.6,2003,6,59,7.4,NA,"14431838420033.jpg","14431838420034.jpg","No","No",NA,"test","test",NA,NA,NA,NA,NA,NA,NA,36.9349782586713,45.3331985033876,17.4233997370816,0.308423500859541,62.7565982404692,-2.1963751011912
"10-ARNO-0.1","2",10,2015-07-14,"16:05","RSmith; Jlojpsberger; CLawrence",0.5,4.5,10,NA,NA,0,15,NA,NA,NA,NA,NA,NA,NA,"Forest",NA,NA,NA,2,1,2,2,"Soft","Sand","DOC",NA,NA,9,14,13,15,19,18,13,7,7,9,7,9,7,NA,22.54,286,8.02,93,7.77,NA,"14370659950045.jpg","14370659950046.jpg","No","No",NA,"test","test",NA,NA,NA,NA,NA,NA,NA,69.4034999686383,3.91080725083109,26.6543310543812,0.0313617261494073,30.5651383052123,0.850526471408459
"10-BISH-0.6","1",10,2018-07-19,"13:43","Heitzman,Schnore",0.8,12,1,100,-9999,20,0,20,0,0,0,25,25,50,"Wetland","",NA,"Other",2,2,-9999,2,"Soft","Clay","Turbidity","Did low gradient and didn’t put in pan","Low",13,13,13,6,14,13,14,7,7,6,6,8,8,"",22,233,10.8,122,7.8,0.11,NA,NA,NA,NA,NA,NA,NA,NA,NA,NA,NA,NA,NA,NA,89.7010751125962,3.8101118698242,3.2362342002034,3.25257881737614,7.0463460700276,1.15080075173476
"10-CMIL-3.3","2",10,2018-07-19,"10:41","Schnore,Heitzman",0.6,4,1,90,2,90,10,40,2,8,0,10,30,50,"Wetland","","Poor","Other",2,2,0,2,"Soft","Clay","Turbidity","Wetland, lots of cattails","Low",10,12,10,13,11,14,14,9,9,8,8,9,8,"",22,324,4.8,63.8,7.17,0.15,NA,NA,NA,NA,NA,NA,NA,NA,NA,NA,NA,NA,NA,NA,90.4490444371758,4.94369421989627,4.10261202747535,0.504649315452549,9.04630624737162,0.983536054254141
"10-COLW-0.7","1",10,2015-07-14,"12:03","RSmith; JLojpsberger; CLawrence",0.7,4,20,NA,NA,0,0,NA,NA,NA,NA,NA,NA,NA,"Ag","Down unnamed dirt road past old barn",NA,NA,2,0,2,2,"Soft","Sand","DOC",NA,NA,10,8,11,13,19,17,7,8,8,5,5,7,7,NA,21.79,166,8.56,97.6,7.57,NA,"14370659950011.jpg","14370659950012.jpg","No","No",0.45,"ref","ref",NA,NA,NA,NA,NA,NA,NA,93.5713469014407,2.65549965698605,2.54687857306197,1.22627486851132,5.20237823004802,1.4661409606668
"10-LGLN-0.5","2",10,2018-07-19,"13:53","Lojpersberger, Wright",0.3,4,25,50,1,10,10,0,0,0,0,90,5,5,"Residential","","Good","Sand",2,2,2,2,"Soft","Sand",NA,"Site was signed that lake had been treated with pesticide Aquatrol. Good mix of mayflies & caddis. HABs scrape was from woody debris. Substrate was all sand with crystal clear water.","Low",12,12,10,8,10,15,13,4,7,9,5,9,5,"",24,580,10.1,120,8.32,0.28,NA,NA,NA,NA,NA,NA,NA,NA,NA,NA,NA,NA,NA,NA,73.7620118585156,17.6753220200368,3.37967695767737,5.18298916377019,21.0549989777142,0.0799048390343529
"10-LSAR_T10-0.3","1",10,2018-07-18,"14:24","Duffy,Woltmann",0.5,5,5,20,2,10,NA,50,0,0,0,40,60,0,"Forest","",NA,"Other",2,1,1,2,"Very_soft","Silt","Turbidity","","Low",17,9,8,20,20,19,20,10,10,10,10,10,10,"",20,50,6.35,62,7,0.2,NA,NA,NA,NA,NA,NA,NA,NA,NA,NA,NA,NA,NA,NA,98.6181702668361,0.174714104193139,0,1.20711562897078,0.174714104193139,2.71709147487382
"10-MILC-6.3","1",10,2015-07-14,"10:55","RSmith; Jlojpsberger; CLawrence",0.3,4,20,NA,NA,0,11,NA,NA,NA,NA,NA,NA,NA,"Forest; ag","Next to farm where I did the fish ibi with zach and Anne",NA,NA,2,NA,2,2,"Soft","Sand",NA,NA,NA,18,16,17,15,19,18,15,9,9,8,8,7,9,NA,20.04,82,8.75,96.7,7.17,NA,"14370659950013.jpg","14370659950014.jpg",NA,"Yes",0.47,"ref","ref",NA,NA,NA,NA,NA,NA,NA,95.9374761140411,1.23824810823206,0.22166169838722,2.6026140793396,1.45990980661928,2.53178445613698
"10-NSAR_T7-0.8","1",10,2015-07-14,"14:52","RSmith; Jlojpsberger; CLawrence",0.1,0.2,20,NA,NA,10,8,NA,NA,NA,NA,NA,NA,NA,"Wetlands; forest","Very mucky. Many side channels. Heavy vegetation growth along sides of main channel.",NA,NA,2,2,1,2,"Very soft","Silt","DOC",NA,NA,10,5,6,4,19,19,16,9,9,8,8,9,8,"Characterized best as predominantly wetland with a small stream flowing through it.",21,71,6.94,77.8,6.73,NA,"14370659950039.jpg","14370659950040.jpg","Yes","No",NA,"ref","ref",NA,NA,NA,NA,NA,NA,NA,99.1385498923187,0.323043790380474,0,0.53840631730079,0.323043790380474,2.06244222696335
"10-PUTM_T5-0.3","1",10,2015-07-14,"10:08","RSmith; jlojpsberger; clawrence",0.5,2,30,NA,NA,10,95,NA,NA,NA,NA,NA,NA,NA,"Forest",NA,NA,NA,2,2,2,2,"Soft","Sand","DOC",NA,NA,19,15,16,17,19,19,17,8,8,8,8,9,9,NA,19.45,136,7.37,80.5,6.97,NA,"14370659950025.jpg","14370659950026.jpg","Yes","No",0,"ref","ref",NA,NA,NA,NA,NA,NA,NA,95.1017999409855,0.796695190321629,3.99822956624373,0.1032753024491,4.79492475656536,2.49544609129639
"10-ROUT-1.3","2",10,2018-07-19,"14:58","Lojpersberger, Wright",0.3,5,10,100,2,80,10,20,0,0,90,5,5,0,"Commercial","","Good","Other",2,2,2,2,"Hard","Gravel","Susp_algae","Wetland with good flow so decided to sample. Stream right across from great escape and runs from parking lot under route 9 into the park itself.","Low",17,14,4,8,16,-9999,12,9,9,3,3,1,1,"",26,344,6.3,78,7.19,0.16,NA,NA,NA,NA,NA,NA,NA,NA,NA,NA,NA,NA,NA,NA,77.008765522279,18.4075967859752,0.255661066471877,4.32797662527392,18.6632578524471,0.307373629108815
"10-TRAE-4.5","1",10,2018-07-17,"13:41","Duffy,Woltmann",0.2,2,15,NA,-9999,NA,30,NA,0,0,0,50,50,0,"Wetland","",NA,NA,-9999,-9999,-9999,-9999,NA,NA,NA,"","Low",9,10,5,14,20,20,20,10,10,10,10,10,10,"",24,244,7.1,92,7.62,NA,NA,NA,NA,NA,NA,NA,NA,NA,NA,NA,NA,NA,NA,NA,85.4327122153209,3.34575569358178,11.2215320910973,0,14.5672877846791,1.4846328515252
"10-TWOB-3.6","1",10,2015-07-14,"13:49","RSmith; Jlojpsberger; CLAWRENCE",0.3,4,50,NA,NA,70,2,NA,NA,NA,NA,NA,NA,NA,"Forest; wetland","Beaver dam upstream of site. Chlorophyll meter was not working.",NA,NA,2,2,2,2,"Soft","Sand","DOC",NA,NA,14,12,12,15,19,18,7,9,9,9,9,9,9,NA,22.35,120,7.37,84.8,6.83,NA,"14370659950041.jpg","14370659950042.jpg","Yes","No",NA,"ref","ref",NA,NA,NA,NA,NA,NA,NA,90.4879950420823,7.55482697267148,1.60932408388477,0.347853901361428,9.16415105655625,1.72884581236427
"10-URIL-0.4","2",10,2015-07-14,"16:46","RSmith; Jlojpsberger; CLawrence",0.5,3.5,10,NA,NA,10,22,NA,NA,NA,NA,NA,NA,NA,"Residential","Heavy beaver activity. Lots of woody debris. Lots of odonates. Iron precipitate along banks.",NA,NA,2,2,2,2,"Hard","Gravel","DOC",NA,NA,13,8,14,10,19,14,14,6,5,7,6,9,7,"Tires and bottles present.",23.98,314,7.19,85.7,7.55,NA,"14370659950009.jpg","14370659950010.jpg","No","No",NA,"ref","ref",NA,NA,NA,NA,NA,NA,NA,78.3789468149433,5.31324762731025,16.2736283092778,0.0341772484685964,21.5868759365881,0.883532346216317
"11-GORN-6.0","1",11,2015-06-18,"10:15","Rsmith; AJSmith; Emosher",0.6,1.5,40,NA,NA,25,6.4,NA,NA,NA,NA,NA,NA,NA,"Forest; Wetland","Stonefly found on log. Good reference site.",NA,NA,2,2,2,2,"Soft","Clay","DOC",NA,NA,18,15,13,6,14,20,18,9,9,9,9,10,10,"Very good epifaunal condition. Sampled 25 yards upstream of bridge.",16.79,310,10.14,104,7.47,NA,"Yes",NA,"Yes","No",1.7,"test","ref","Possible ref site, 74.7% LU. Noted as possible in field sheet.",NA,NA,NA,NA,NA,NA,74.726716222125,5.57061652820289,19.4140795802361,0.288587669435942,24.984696108439,1.19617879891134
"11-MOSE-12.8","2",11,2016-08-19,"11:53","Duffieber",1,8,10,NA,NA,0,34,NA,0,0,0,60,40,0,"Forest","Low gradient sample. Water high and turbid from rains yesterday",NA,"Other",2,1,2,2,"Hard","Sand","Turbidity",NA,NA,14,10,18,18,18,19,17,7,8,9,9,7,8,NA,21.8,417.6,5.7,69.9,7.2,NA,NA,NA,NA,NA,NA,NA,NA,NA,0,"14722167640003.jpg","14722167640004.jpg",NA,1,162,48.8864814671516,6.11622688230287,44.718718563801,0.278573086744564,50.8349454461039,0.53093395437883
"11-ROWL-0.5","2",11,2016-08-04,"13:45","Chong, Mosher",0.2,10,NA,50,1,20,30,NA,NA,NA,NA,NA,NA,NA,"Residential","Low gradient, site change because no access",NA,NA,2,2,2,2,"Soft","Silt","Turbidity",NA,NA,17,12,16,7,15,20,19,6,7,9,9,8,10,NA,21.3,489.4,8.61,97.3,7.84,0.24,NA,NA,NA,NA,NA,NA,NA,NA,0,"14706806430021.jpg","14706806430022.jpg",NA,1,155,75.6689240030098,17.0233258088789,7.11211437170805,0.195635816403311,24.135440180587,0.90317166282427
"11-SRUN-3.8","3",11,2015-06-18,"13:03","Rsmith; AJSmith; Emosher",0.45,4.5,70,NA,NA,NA,32,NA,NA,NA,NA,NA,NA,NA,"Residential","Gray water color and conductivity is very high. Nice habitat plenty of snags and overhanging vegetation.",NA,NA,2,2,2,2,"Soft","Sand","Turb",NA,NA,16,4,8,16,17,16,17,7,8,8,8,9,4,NA,15,1309,9.6,96,7.3,NA,"Maybe",NA,"No","No",0.25,"test","test",NA,NA,NA,NA,NA,NA,NA,38.2679845045436,56.9602838420043,3.65663806524022,1.11509358821187,60.6169219072445,-1.09803832010718
"11-TEET-0.8","1",11,2015-06-19,"14:06","Rsmith; AJSmith; Emosher",5.5,3.5,10,NA,NA,5,11.6,NA,NA,NA,NA,NA,NA,NA,"Forest; Wetland; Agriculture",NA,NA,NA,2,2,2,2,"Soft","Sand","DOC",NA,NA,17,17,16,15,19,18,11,9,9,9,9,7,10,NA,15.73,18,8.12,81.7,4.35,NA,"Yes",NA,"Yes","No",1.11,"ref","ref",NA,NA,NA,NA,NA,NA,NA,99.2988011762045,0.214883510517982,0,0.486315313277539,0.214883510517982,3.65456957649457
"11-TOMH-12.2","3",11,2016-08-05,"08:33","Smith, Stieber",0.3,5,6,100,2,20,50,NA,0,5,10,10,75,0,"Agriculture","Low gradient, heavy ag district, beaver dam","Good","Other",2,2,2,2,"Soft","Silt","Turbidity",NA,NA,13,15,12,13,18,16,10,7,7,7,7,10,10,NA,19,245,3,24,7.1,0.12,NA,NA,NA,NA,NA,NA,NA,NA,1,"14706779700023.jpg","14706779700024.jpg",NA,1,145,76.2867252841518,3.32940167274287,19.8745442847952,0.509328758310101,23.2039459575381,-5
"12-ALPL_T11-2.1","2",12,2015-06-18,"15:11","Rsmith; AJSmith; Emosher",0.15,1,10,NA,NA,60,58.4,NA,NA,NA,NA,NA,NA,NA,"Residential; Forest; Wetland",NA,NA,NA,2,2,0,2,"Very Soft","Clay","DOC",NA,NA,16,13,3,16,17,13,6,9,9,9,8,9,9,NA,18.52,285,8.62,92.3,7.06,NA,"Yes",NA,"Yes","No",1.02,"ref","ref",NA,NA,NA,NA,NA,NA,NA,78.3482944344704,4.23698384201077,16.5529622980251,0.861759425493716,20.7899461400359,0.886692263898635
"12-BARK-0.6","3",12,2015-08-19,"10:58","JL/JD",0.25,1,15,NA,NA,60,NA,NA,NA,NA,NA,NA,NA,NA,"Forest; res.","Net jab",NA,NA,2,2,1,2,"Soft","Sand",NA,NA,NA,8,15,10,16,12,16,10,10,10,8,8,7,8,NA,17.3,604,7.58,79,7.55,NA,"14401631630001.jpg","14401631630002.jpg","No","Yes",NA,"test","test",NA,NA,NA,NA,NA,NA,NA,38.5852090032154,2.73311897106109,58.5610932475884,0.120578778135048,61.2942122186495,-0.919703147548524
"13-BASC_T17-2.4","1",13,2017-07-26,"14:28","Smith, Lemley",0.1,2,21,100,1,10,20,25,30,50,10,10,NA,NA,"Residential","Stream is very small with a significant debris pile up on the upstream side of the bridge causing an impoundment. This site is borderline a low gradient stream but should be run as low gradient.","Good","Impoundment",2,2,2,2,"Hard","Gravel","DOC",NA,NA,16,16,16,16,18,15,17,10,10,10,10,5,5,NA,20,175,7.3,84,7.4,NA,NA,NA,NA,NA,NA,NA,NA,NA,0,"15012493640001.jpg","15012493640002.jpg",0,1,164,83.9904420549582,3.16606929510155,11.0215053763441,1.82198327359618,14.1875746714457,1.83136971988136
"13-BLKH-8.2","2",13,2017-07-27,"08:00","Mosher duffy",1.5,15,8,50,2,70,6,NA,NA,NA,NA,NA,NA,NA,"Wetland","Bedrock partway in stream. No real banks, only macrophyte beds",NA,"Adequate",0,2,0,2,"Soft","Silt","Turbidity",NA,NA,18,11,6,12,19,16,15,8,7,9,7,10,10,"Headwater",19.8,333,3.6,39,7.3,NA,NA,NA,NA,NA,NA,NA,NA,NA,0,"15012484320001.jpg","15012484320002.jpg",0,1,148,77.6140336187227,9.91605785937075,11.412781813234,1.05712670867263,21.3288396726048,0.884707250031125
"13-BLKK-1.1","2",13,2017-07-11,"11:45","Heitzman, Onion",1,10,20,40,1,30,70,20,10,20,20,20,30,NA,"Residential",NA,NA,"Low flow",0,2,0,2,"Hard","Gravel","Turbidity",NA,NA,17,17,15,17,19,17,17,9,9,9,9,6,8,NA,22.3,459.8,4.18,48.8,7.57,NA,NA,NA,NA,NA,NA,NA,NA,NA,0,"14998646430001.jpg","14998646430002.jpg",0,1,169,64.3302886626691,11.0462278622228,24.396876307349,0.226607167759029,35.4431041695718,0.817197084603835
"13-EBCR-16.3","1",13,2017-07-25,"15:00","Mosher duffy",0.1,25,1,100,1,40,49,NA,NA,NA,NA,NA,NA,NA,"Wetland","Nice low gradient site","Good","Adequate",2,2,2,2,"Soft","Silt","Turbidity",NA,NA,15,15,14,13,14,17,18,8,9,9,9,10,10,"Wetlandy left bank forested right",19.5,412.3,5.01,54.5,7.19,NA,NA,NA,NA,NA,NA,NA,NA,NA,0,"15012484320007.jpg","15012484320008.jpg",0,1,161,77.860286385647,9.78008282594867,11.5521426995028,0.807488088901583,21.3322255254515,1.2513128170386
"13-FISH-16.3","2",13,2017-07-26,"14:43","Mosher duffy",1.5,25,10,0,0,0,90,NA,NA,NA,NA,NA,NA,NA,"Residential","Very little habitat. Slow deep channel","Very poor","Adequate",2,0,2,2,"Soft","Silt","Turbidity",NA,NA,7,12,2,14,15,15,9,6,5,6,8,10,3,"Headwater stream",20.2,506.2,7.82,86.8,8.1,NA,NA,NA,NA,NA,NA,NA,NA,NA,0,"15012484320011.jpg","15012484320012.jpg",0,1,112,66.9081826182891,14.3074958783206,16.848681682389,1.93563982100135,31.1561775607096,-0.10701291304189
"13-NOST-0.3","2",13,2017-07-24,"10:15","Smith, Duffy, Lendrum",0.3,5,30,100,1,20,1,50,NA,NA,NA,NA,NA,NA,"Residential","Low gradient stream","Good","Other",1,1,1,1,"Hard","Gravel","Turbidity",NA,NA,12,5,9,10,18,18,10,6,6,6,6,2,2,NA,17,443,8.1,5,7.9,NA,NA,NA,NA,NA,NA,NA,NA,NA,0,"15012493640019.jpg","15012493640020.jpg",0,1,110,66.3834599547642,4.12341239923447,29.3742388215508,0.118888824450502,33.4976512207853,-0.21429892566157
"13-QKER-0.9","2",13,2018-08-28,"08:48","Lojpersberger,Lemley",0.5,5,40,10,1,10,10,0,0,0,5,25,60,10,"Residential","","Poor","Other",2,2,0,2,"Soft","Silt","Turbidity","Dominant land use Ag, not residential. Nothing to scrape for habs sample.","Low",5,5,4,10,15,10,13,8,8,7,7,4,4,"",21,440,6.25,70.2,7.22,0.21,NA,NA,NA,NA,NA,NA,NA,NA,NA,NA,NA,NA,NA,NA,40.5364140668736,13.9103771184284,43.8533767621762,1.69983205252176,57.7637538806046,-0.842371997420046
"13-QKER-1.0","2",13,2015-08-12,"14:25","Duffy RSmith",0.3,4,0.2,NA,NA,10,75,NA,NA,NA,NA,NA,NA,NA,"AG","Very nasty site with dumpster odor. Hard bottom but no riffle. Hard to decide whether was lg or not. Good test site but will have to determine whether meets lg definition",NA,NA,2,2,2,2,"Hard","Gravel","Turb",NA,NA,15,10,10,5,20,15,13,7,8,6,7,3,4,NA,26.3,517,8.7,107,7.5,NA,"14395794810203.jpg","14395794810204.jpg","No","No",NA,"test","test",NA,NA,NA,NA,NA,NA,NA,40.5513765321318,13.9040564104522,43.8441075769725,1.70045948044344,57.7481639874247,-0.628861751812865
"13-RHIN-4.3","2",13,2017-07-27,"10:00","Mosher duffy",0.3,15,15,80,2,10,58,NA,NA,NA,NA,NA,NA,NA,"Forest","Tidally influenced",NA,"Adequate",2,2,2,2,"Hard","Sand","Turbidity",NA,NA,15,14,17,9,11,16,16,6,6,7,7,10,10,NA,18.8,496,8.4,90,7.8,NA,NA,NA,NA,NA,NA,NA,NA,NA,0,"15012484320027.jpg","15012484320028.jpg",0,1,144,49.5330112721417,14.7745571658615,35.5555555555556,0.136876006441224,50.3301127214171,-0.0810084096895119
"13-RIOG-0.7","2",13,2018-08-28,"09:51","Lemley,Lojpersberger",0.2,4,30,30,1,0,90,0,0,0,10,80,10,0,"Residential","","Poor","Other",2,0,2,2,"Soft","Sand",NA,"Land use Ag, not res.","Low",17,-9999,14,15,15,16,13,6,6,6,6,4,4,"",24,862,6.67,79.5,7.36,0.42,NA,NA,NA,NA,NA,NA,NA,NA,NA,NA,NA,NA,NA,NA,37.354735152488,42.5874799357945,17.669341894061,2.3884430176565,60.2568218298555,-0.643090852108416
"13-SPRO-9.2","2",13,2015-06-30,"16:37","RSmith;JLopsberger",25,7,30,NA,NA,0,15,NA,NA,NA,NA,NA,NA,NA,"Forest","Large cobble with moderate sediment deposit prevalent.",NA,NA,2,2,2,2,"Soft","Gravel","Turb",NA,NA,10,10,6,14,18,18,6,6,6,6,6,5,5,NA,17.45,414,11.73,119,8.04,NA,"14357777680075.jpg","14357777680076.jpg","No","No",1.74,"test","test",NA,NA,NA,NA,NA,NA,NA,63.7475507889038,12.0532123337115,23.5289264721048,0.670310405279983,35.5821388058163,-0.0516312739208442
"13-WALK_T25-1.5","2",13,2015-08-12,"12:48","Duffy RSmith",0.1,3,0.1,NA,NA,10,0,NA,NA,NA,NA,NA,NA,NA,"Prison","Site is near prisons. Approached within 30 seconds about why we're here. No issues; gross site",NA,NA,2,2,0,2,"Soft","Silt",NA,NA,NA,5,5,6,10,20,12,9,10,10,10,10,7,6,NA,21.4,340,9.2,104,7.4,NA,"14395794810037.jpg","14395794810038.jpg","No","No",NA,"test","test",NA,NA,NA,NA,NA,NA,NA,28.73364601333,14.4161935324611,56.8501604542088,0,71.2663539866699,-0.865431607788316
"13-WBLKK-8.9","1",13,2015-06-18,"16:32","Rsmith; AJSmith; Emosher",6.75,2.5,0,NA,NA,20,53.2,NA,NA,NA,NA,NA,NA,NA,"Residential; Forest; Wetland;",NA,NA,NA,2,2,2,2,"Hard","Gravel","Turb",NA,NA,17,16,16,4,20,19,10,9,9,10,10,10,9,NA,16.98,398,5.77,59.4,6.88,NA,"Yes",NA,"No","No",8.75,"test","test",NA,NA,NA,NA,NA,NA,NA,68.7812134735947,5.06322388694081,25.6508341302731,0.504728509191372,30.7140580172139,1.14348447343518
"13-WKLEI-0.6","2",13,2018-08-27,"11:20","Lemley,Lojpersberger",0.3,5,20,10,1,0,70,0,0,0,0,10,80,10,"Residential","","Very_poor","Sand",2,0,2,2,"Soft","Silt","Turbidity","Muddy lw gradient strm","Low",5,5,5,6,12,15,7,2,2,9,8,9,6,"",22,220,5.5,65.2,7.45,0.1,NA,NA,NA,NA,NA,NA,NA,NA,NA,NA,NA,NA,NA,NA,81.3057193800576,6.09427147624926,12.522287752023,0.0777213916700956,18.6165592282723,0.470614522907016
"14-HURL-2.8","1",14,2015-08-12,"10:00","Duffy RSmith",0.5,5,0.1,NA,NA,10,42,NA,NA,NA,NA,NA,NA,NA,"Residential","Site is harder bottom just upstream.",NA,NA,2,2,2,2,"Hard","Sand","DOC",NA,NA,13,13,10,19,20,16,12,9,9,9,9,2,5,NA,17.4,147,9.6,100,7.3,NA,"14395794810209.jpg","14395794810210.jpg","No","Yes",NA,"ref","ref",NA,NA,NA,NA,NA,NA,NA,77.6564831540093,11.5290976203566,8.23058195240713,2.58383727322705,19.7596795727637,1.43290240566262
"14-TENR-3.7","1",14,2019-08-21,"10:02","Schnore,Lemley",0.75,12,10,80,3,20,0,NA,10,10,0,40,10,30,"Wetland","",NA,NA,2,2,2,2,"Soft","Sand","DOC","Do not access from “5th street” as per google maps. Use lake shore drive.","Low",15,14,13,18,20,20,17,10,10,10,10,10,10,"",21,108,7.53,84.5,7.26,0.05,NA,NA,NA,NA,NA,NA,NA,NA,NA,NA,NA,NA,NA,NA,78.5401024907639,3.69800977237516,15.9480395662019,1.81384817065904,19.6460493385771,1.94209147096203
"14-WLAK-5.8","1",14,2015-08-12,"10:53","Duffy RSmith",0.1,3,0.3,NA,NA,20,0,NA,NA,NA,NA,NA,NA,NA,"Forested","Nice site flowing out of woods. Took newts out of sample.",NA,NA,2,2,2,2,"Soft","Silt",NA,NA,NA,12,11,9,10,20,18,20,10,10,10,10,2,10,NA,18.5,208,8.2,88,6.5,NA,"14395794810083.jpg","14395794810084.jpg","No","No",NA,"ref","ref",NA,NA,NA,NA,NA,NA,NA,80.8840675216708,7.72545242560957,3.78668829522989,7.60379175748974,11.5121407208395,1.86466976247411
"15-HACK-3.3","2",15,2015-08-13,"09:19","Duffy RSmith",1,10,0.1,NA,NA,0,22,NA,NA,NA,NA,NA,NA,NA,"Urban","Site is deep and turbid and looks like it's been ponded but also with riprap dumped. DO is again questionable today. Ultimate LGS site excluding an Mohawk screening sites. Ryan fell in almost underwater",NA,NA,2,2,2,2,"Soft","Silt","Turb",NA,NA,13,8,18,11,20,13,20,8,8,7,7,10,10,NA,22.9,538,5.1,56,7.3,NA,"14395794810211.jpg","14395794810212.jpg","No","No",NA,"test","test",NA,NA,NA,NA,NA,NA,NA,29.1156724808069,62.8451811163578,1.07931001252771,6.95983639030762,63.9244911288855,-0.0562302910065732
"15-MAWA-3.7","1",15,2015-08-13,"08:06","Duffy RSmith",0.9,6,0.05,NA,NA,0,80,NA,NA,NA,NA,NA,NA,NA,"Residential","Site is deep with good habitat and sinuous. There is a dead mammal smelling it up but otherwise good.lots of snags and undercut banks. DO is questionable",NA,NA,2,2,2,2,"Hard","Gravel","Turb",NA,NA,15,18,17,18,19,20,20,9,9,9,9,10,5,"Good site except for dead mammal",19.8,483,7.2,72,7.6,NA,"14395794810105.jpg","14395794810106.jpg","No","No",NA,"test","test",NA,NA,NA,NA,NA,NA,NA,69.3373002290619,30.4494352439378,0,0.213264527000342,30.4494352439378,1.37622654700863
"15-RAMA-13.7","2",15,2015-08-12,"16:09","Duffy rsmith",0.6,8,0.1,NA,NA,0,45,NA,NA,NA,NA,NA,NA,NA,"Highway","Almost would be reference except for highway salt influence which is very high. Had to hike across field. Tough walk",NA,NA,2,2,2,2,NA,"Sand","Turb",NA,NA,12,16,15,17,17,18,17,10,7,9,9,10,10,NA,23.1,1140,9.1,107,7.5,NA,"14395794810041.jpg","14395794810042.jpg","No","No",NA,"test","test",NA,NA,NA,NA,NA,NA,NA,50.0391462007582,44.5298335256305,3.87135322235042,1.55966705126092,48.4011867479809,0.00341507749725012
"16-AMEN_T2-1.1","2",16,2015-06-30,"13:11","RSmith; JLopsberger",70,8,20,NA,NA,10,20,NA,NA,NA,NA,NA,NA,NA,"Residential",NA,NA,NA,2,2,2,2,"Very soft","Sand",NA,NA,NA,8,10,11,13,19,18,5,9,9,8,0,7,0,NA,16.23,533,10.04,101.1,7.74,NA,"14357777680067.jpg","14357777680068.jpg","No","Yes",1.18,"test","test",NA,NA,NA,NA,NA,NA,NA,48.4612050281751,9.9913307325531,41.48244473342,0.0650195058517555,51.4737754659731,-0.622318342429895
"16-BOGH-0.3","1",16,2015-06-30,"14:32","RSmith; JLopsberger",60,3,0,NA,NA,50,10,NA,NA,NA,NA,NA,NA,NA,"Wetland","Extremely mucky. No flow. Stream winds through dense wetland. Walked upstream 30 yards from culvert on",NA,NA,2,2,2,2,"Very soft","Silt","DOC",NA,NA,17,12,15,5,19,20,13,9,9,10,10,10,10,NA,17.7,161,8.16,84.6,6.96,NA,"14357777680007.jpg","14357777680008.jpg","Yes","No",0.74,"ref","ref",NA,NA,NA,NA,NA,NA,NA,96.3792574409328,2.32177559578603,0.347754935051652,0.951212028229518,2.66953053083768,2.07000212674852
"16-SWEL-0.1","2",16,2017-07-25,"11:00","Mosher duffy",0.1,1,5,100,3,20,85,20,NA,NA,NA,NA,NA,NA,"Commercial","Low gradient, very periphytous",NA,"Adequate",2,1,0,2,"Hard","Sand","Turbidity",NA,NA,15,16,16,14,11,13,10,8,7,7,6,1,1,NA,14.4,233.6,8.2,80.4,7.3,NA,NA,NA,NA,NA,NA,NA,NA,NA,0,"15012484320039.jpg","15012484320040.jpg",0,1,125,61.6730743735914,2.33328914225109,35.9273498607981,0.0662866233594061,38.2606390030492,0.320877425329775
"16-SWMP-6.8","2",16,2017-07-25,"12:00","Mosher duffy",1,25,1,100,2,70,6,NA,NA,NA,NA,NA,NA,NA,"Residential","Suspended algae",NA,"Adequate",2,2,1,2,"Hard","Sand","Susp algae",NA,NA,18,16,14,16,16,17,15,9,8,4,6,2,2,NA,20.2,528.1,1.11,12.3,7.15,NA,NA,NA,NA,NA,NA,NA,NA,NA,0,"15012484320041.jpg","15012484320042.jpg",0,1,143,73.753325731661,13.2535157734702,12.2215887495249,0.771569745343976,25.4751045229951,0.539037385167351
"16-WEBA-23.3","1",16,2015-06-30,"09:22","RSmith; JLopsberger",0.6,3,90,NA,NA,10,2,NA,NA,NA,NA,NA,NA,NA,"Wetlands; agricultural","Sample taken downstream of route 62 culvert. Site is downstream of a beaver dam. Good undercut banks present. Lots of woody debris",NA,NA,2,2,2,2,"Hard","Gravel",NA,NA,NA,15,16,16,8,19,16,12,9,9,9,9,9,9,NA,17.02,258,5.33,55.1,6.87,NA,"14357777680011.jpg","14357777680012.jpg","Yes","No",0.74,"test","test",NA,NA,NA,NA,NA,NA,NA,74.5549043459029,3.99756717903351,20.8227358177596,0.624792657303992,24.8203029967931,1.48466471159986
"16-WEBA_T4-1.3","2",16,2015-06-30,"12:08","RSmith; JLopsberger",0.5,1.5,140,NA,NA,10,3.5,NA,NA,NA,NA,NA,NA,NA,"Wetland; agricultural","Upstream of Downey street culvert. Spring house with green roof next to stream. Beaver activity.",NA,NA,2,2,2,2,"Hard","Gravel",NA,NA,NA,15,16,14,15,17,18,10,9,9,9,7,7,9,NA,13.75,424,10.74,103.6,7.29,NA,"14357777680073.jpg","14357777680074.jpg","No","No",0.04,"test","ref","LU rounds up to 75. Add as ref site? But 424 cond…",NA,NA,NA,NA,NA,NA,57.6663552372054,6.32201806290875,35.8351500051905,0.176476694695318,42.1571680680993,0.595587757125094
"17-BRWN-0.9","2",17,2015-06-25,"12:01","Duffy mosher RSmith",0.3,15,20,NA,NA,20,95,NA,NA,NA,NA,NA,NA,NA,"Residential","Down stream is actually GREAT low gradient habitat. Possibly a good reference site. Good mix of over head vegetation; macrophytes; and banks",NA,NA,NA,NA,NA,NA,"Hard","Gravel",NA,NA,NA,19,18,17,18,20,13,12,8,5,10,10,9,2,NA,16.98,288,11.6,120,6.01,NA,"14355859100017.jpg",NA,"No","Yes",NA,"test","test","Noted as possible ref site, but VERY low natural LU. Most of LU is probably low density dev. Use different ref site citeria for LI sites??",NA,NA,NA,NA,NA,NA,1.09176470588235,98.9082352941176,0,0,98.9082352941176,-0.128884970836905
"17-BVDC-0.4","2",17,2015-06-25,"14:21","Duffy; Mosher RSmith",0.05,1.75,70,NA,NA,30,78,NA,NA,NA,NA,NA,NA,NA,"Residential forest","Eels and minnows; ponded upstream of site",NA,NA,2,2,2,2,"Hard","Gravel",NA,NA,NA,16,15,4,10,13,15,11,8,7,5,10,7,5,NA,17.38,275,11.62,121,6.12,NA,"14355859100013.jpg",NA,"No","Yes",NA,"test","test",NA,NA,NA,NA,NA,NA,NA,45.4368588609834,52.9359745313053,1.62716660771135,0,54.5631411390167,0.394917291049171
"17-CARL-0.8","2",17,2015-06-25,"08:49","Duffy; Mosher; RSmith",0.5,4,0.7,NA,NA,10,61,NA,NA,NA,NA,NA,NA,NA,"Recreation","Mayflies and signs for brook trout. Slope indicated opposite flow; even though this is not the case.",NA,NA,2,2,0,2,"Hard","Gravel",NA,NA,NA,12,13,15,19,15,10,4,8,10,6,4,4,3,NA,21.39,240,9.55,108.3,6.7,NA,"14355859100002.jpg",NA,"Yes","Yes",NA,"test","test",NA,NA,NA,NA,NA,NA,NA,11.8696780358029,87.655384961265,0.25198827177263,0.222948731159427,87.9073732330376,-0.632481900453031
"17-CARM-12.9","2",17,2015-06-26,"09:55","Duffy mosher RSmith",0.4,10,0.1,NA,NA,70,87,NA,NA,NA,NA,NA,NA,NA,"Forest","Very swampy but has distinct flow",NA,NA,2,2,2,2,"Soft","Silt","DOC",NA,NA,20,14,14,10,20,19,14,9,9,10,8,10,10,"Very swampy with distinct flow",15.8,218,7.8,78,4.55,NA,"14355859100014.jpg",NA,"No","No",NA,"test","test",NA,NA,NA,NA,NA,NA,NA,25.6637536846272,72.0494338954451,1.96496088826856,0.32185153165915,74.0143947837137,0.959242303863296
"17-CARM-9.0","2",17,2015-06-26,"09:05","Duffy; Mosher; RSmith",0.6,10,30,NA,NA,80,20,NA,NA,NA,NA,NA,NA,NA,"Forest","Perlid exuviae on bridge; stream dammed directly underneath railroad bridge; Ryan got stung by a shiny green buggy",NA,NA,2,2,1,2,"Hard","Sand","DOC",NA,NA,14,18,14,16,20,14,12,10,10,10,10,10,10,NA,20.5,202,7.3,81,6.5,NA,"14355859100012.jpg",NA,"Yes","No",NA,"test","test",NA,NA,NA,NA,NA,NA,NA,28.7543384205772,68.8209004897067,2.07483478343555,0.349926306280607,70.8957352731423,0.294992469158498
"17-EMED-0.4","3",17,2018-09-12,"15:12","Lojpersberger,Woltmann",0.4,7,30,10,1,60,50,10,0,0,40,50,10,0,"Commercial","","Poor","Sand",2,2,2,2,"Soft","Sand","Turbidity","Carp swimming in Area.  Low grDient urban stream","Low",13,5,5,9,12,4,6,8,8,5,5,1,1,"",20,619,6,68,6.22,0.32,NA,NA,NA,NA,NA,NA,NA,NA,NA,NA,NA,NA,NA,NA,11.1337061514997,88.2441232720846,0.555595903841964,0.0665746725736558,88.7997191759266,-1.87708727336042
"17-GREN-0.8","2",17,2015-06-25,"11:07","Duffy; Mosher RSmith",0.1,1.5,0.2,NA,NA,10,100,NA,NA,NA,NA,NA,NA,NA,"Residential forestry","Oligochaets;mud flat downstream and impoundment upstream",NA,NA,2,2,2,2,"Soft","Sand",NA,NA,NA,10,6,6,11,18,14,4,10,10,10,10,10,10,NA,15.8,230,8.5,86,5.9,NA,"14355859100018.jpg",NA,"No","Yes",NA,"test","test",NA,NA,NA,NA,NA,NA,NA,1.16860583792611,98.8313941620739,0,0,98.8313941620739,-0.517777685746185
"17-MASS-1.2","2",17,2015-06-24,"17:53","Duffy mosher RSmith",0.5,10,0.2,NA,NA,60,20,NA,NA,NA,NA,NA,NA,NA,"Urban park","Site has historic riffle upstream; sow bugs; red midge; site flows out of pond upstream and into another right here",NA,NA,2,2,1,2,"Hard","Gravel",NA,NA,NA,16,0,8,10,20,15,15,10,10,10,10,10,10,"Park site",22,388,9.2,106,6.2,NA,"14355859100022.jpg",NA,"No","Yes",NA,"test","test",NA,NA,NA,NA,NA,NA,NA,12.8871686314801,86.5282587708032,0.494229559887691,0.0903430378289328,87.0224883306909,-0.512336283150687
"17-MBUR-2.1","3",17,2015-06-24,"16:13","Duffy RSmith mosher",0.2,2.5,0.05,NA,NA,10,36,NA,NA,NA,NA,NA,NA,NA,"Urban","First site of the day on Long Island. Horrible trip and will not be coming back until 2023. Good low gradient site finally. Lots ofSow bugs and some beetles",NA,NA,2,2,2,2,"Hard","Sand","Susp Algae",NA,NA,8,14,7,12,18,17,18,7,7,4,4,10,10,"All knotweed but good riparian",19.5,573,7.4,81,6.6,NA,"14355859100008.jpg",NA,"No","No",NA,"test","test",NA,NA,NA,NA,NA,NA,NA,0.264324030164036,99.6268366632978,0,0.108839306538133,99.6268366632978,-1.03591618606959
"17-MIAN-14.2","1",17,2018-09-12,"08:58","Duffy,Schnore",1,5,40,100,1,30,20,NA,0,0,0,30,70,0,"Residential","",NA,NA,-9999,-9999,-9999,-9999,"Very_soft","Silt","Turbidity","Some green floating stuff and film, possible hab","Low",12,12,10,15,19,13,19,9,9,10,9,10,5,"",18,456,8.35,88.6,7.21,0.22,NA,NA,NA,NA,NA,NA,NA,NA,NA,NA,NA,NA,NA,NA,76.6989966555184,19.3946488294314,2.7257525083612,1.18060200668896,22.1204013377926,1.11845013294092
"17-MUDL-1.4","2",17,2015-06-25,"13:35","Duffy RSmith",0.2,8,0.5,NA,NA,20,65,NA,NA,NA,NA,NA,NA,NA,"Forest","Good sandy site. Elizabeth taking short nap to recover from last night. Having a rough day. Site previously sampled but saw no evidence of riffle",NA,NA,NA,NA,NA,NA,"Soft","Sand",NA,NA,NA,14,10,10,18,18,16,18,8,8,9,9,8,8,"Another sandy LI site",16.1,320,12.7,128,6.06,NA,"14355859100016.jpg",NA,"No","No",NA,"test","test",NA,NA,NA,NA,NA,NA,NA,14.5000399010454,84.0395818370441,1.46037826191046,0,85.4999600989546,0.0611654155219074
"17-NISS-4.7","2",17,2015-06-26,"11:27","Duffy Mosher RSmith",0.4,25,70,NA,NA,10,3,NA,NA,NA,NA,NA,NA,NA,"Recreation","Very wide shallow river; very different than other Long Island sites. Eels and zygoptera",NA,NA,1,2,2,2,"Hard","Gravel","DOC",NA,NA,10,13,13,15,18,14,10,5,8,6,5,2,3,NA,21.9,179,9.5,108,6.8,NA,"14355859100020.jpg",NA,"No","Yes",NA,"test","test",NA,NA,NA,NA,NA,NA,NA,12.9885170765364,86.0689468237149,0.258735399931004,0.683800699817653,86.3276822236459,-0.58878218049135
"17-NISS_E-2.6","2",17,2015-06-26,"10:49","Duffy Mosher RSmith",0.2,3,70,NA,NA,0,80,NA,NA,NA,NA,NA,NA,NA,"Residential forest",NA,NA,NA,2,0,2,2,"Soft","Sand","DOC",NA,NA,7,7,11,9,14,15,12,9,7,8,8,5,8,NA,15.8,522,6.7,68,5.98,NA,"14355859100007.jpg",NA,"No","No",NA,"test","test",NA,NA,NA,NA,NA,NA,NA,9.1326759300762,89.9876736889287,0.812415956969969,0.0672344240251009,90.8000896458987,-0.729032130439167
"17-OROW-0.6","3",17,2018-09-12,"10:01","Lojpersberger,Woltmann",0.3,4,25,10,1,60,50,0,0,0,5,85,10,0,"Residential","","Poor","Sand",2,2,2,2,"Soft","Silt","Turbidity","Low gradient stream in weed choked areA next to car lot and residences","Low",16,13,10,14,17,10,8,8,8,9,6,5,3,"",16,353,6.2,63,5.95,0.17,NA,NA,NA,NA,NA,NA,NA,NA,NA,NA,NA,NA,NA,NA,2.49170924083535,97.5082907591647,0,0,97.5082907591647,-0.961511723442564
"17-PECN-8.9","1",17,2015-06-25,"16:39","Duffy Mosher RSmith",0.5,10,20,NA,NA,10,5,NA,NA,NA,NA,NA,NA,NA,"Recreation forest",NA,NA,NA,2,2,2,2,"Soft","Sand","DOC",NA,NA,19,16,19,12,18,17,18,10,8,10,10,10,10,NA,25.28,63,12.48,151,6.11,NA,"14355859100015.jpg",NA,"No","No",NA,"test","test",NA,NA,NA,NA,NA,NA,NA,58.5471457969049,32.5756224054051,8.04160867858545,0.835623119104545,40.6172310839905,1.95454458747616
"17-PENA-1.4","3",17,2018-09-12,"10:54","Lojpersberger,Woltmann",0.3,4,25,10,1,70,70,0,0,0,5,85,10,0,"Commercial","",NA,"Sand",2,2,2,2,"Soft","Sand","Turbidity","Sand swampy drainage near tidal zone but still fresh.   Next to active industrial","Low",14,12,8,8,16,10,11,9,10,7,5,4,2,"",18,536,5.2,55,6.18,0.26,NA,NA,NA,NA,NA,NA,NA,NA,NA,NA,NA,NA,NA,NA,0.966887417218543,99.0331125827815,0,0,99.0331125827815,-1.52805509816422
"17-SAMP-2.1","2",17,2015-06-25,"09:56","RSmith; Duffy; Mosher",0.1,6,20,NA,NA,10,85,NA,NA,NA,NA,NA,NA,NA,"Residential; forest","Over hanging vegetation limited.  Difficult to find good sample spots in stream. Lots of mucky areas present; red midges present; sow bugs back swimmers",NA,NA,2,2,2,2,"Soft","Sand",NA,NA,NA,4,7,6,7,14,13,12,8,6,8,5,7,2,"Definite site habitat issues here",15.93,262,9.13,93.4,6.04,NA,"14355859100021.jpg",NA,"No","No",NA,"test","test",NA,NA,NA,NA,NA,NA,NA,13.9914796551608,85.8055751232766,0.0905705947469055,0.112374626815605,85.8961457180235,-0.766087255778346
"17-SANT-1.7","3",17,2018-09-12,"13:57","Lojpersberger,Woltmann",0.36,2,40,20,1,40,50,10,0,20,65,10,5,0,"Residential","","Poor","Sand",2,2,1,2,"Hard","Gravel","Turbidity","Stream accessed behind house on cul de sac.","Low",14,12,11,16,17,8,6,6,4,6,2,5,1,"",19,382,4.5,48,6.23,0.18,NA,NA,NA,NA,NA,NA,NA,NA,NA,NA,NA,NA,NA,NA,7.5355871886121,92.4021352313167,0,0.0622775800711744,92.4021352313167,-1.16349925199476
"17-SWML-1.4","2",17,2018-09-12,"08:49","Onion,Stoll",0.05,2,1,70,1,0,70,100,0,0,0,20,80,0,"Residential","","Very_poor","Other",2,0,2,2,"Very_soft","Silt","DOC","Below wetland","Low",7,6,1,1,15,12,6,9,9,9,9,9,2,"",25,165,4.37,43.9,6.05,0.08,NA,NA,NA,NA,NA,NA,NA,NA,NA,NA,NA,NA,NA,NA,12.5435270448038,56.055095566045,30.9835177590343,0.417859630116846,87.0386133250793,-0.869043676487569
"17-TERR-0.2","2",17,2015-06-25,"15:31","Duffy mosher RSmith",0.1,0.3,10,NA,NA,10,100,NA,NA,NA,NA,NA,NA,NA,"Forest","Within pine barrens; iron precipitate",NA,NA,NA,NA,NA,NA,"Hard","Sand",NA,NA,NA,8,17,0,18,20,17,18,10,10,10,10,10,10,NA,17.84,127,11.32,119,6.11,NA,"14355859100024.jpg",NA,"No","Yes",NA,"test","test",NA,NA,NA,NA,NA,NA,NA,37.3697448796263,52.3535752784765,10.2766798418972,0,62.6302551203737,0.958286245705963
