site_id,amphipoda,architaenioglossa,basommatophora,coleoptera,decapoda,diptera,ephemeroptera,hemiptera,heterostropha,hirudinida,hoplonemertea,isopoda,lepidoptera,lumbriculida,megaloptera,neoophora,neotaenioglossa,neuroptera,odonata,opisthopora,plecoptera,trichoptera,tubificida,undetermined_clitellata,undetermined_gastropoda,undetermined_lumbriculata,undetermined_nematoda,undetermined_nemertea,undetermined_platyhelminthes,unionoida,veneroida,,basin,depth,width,cur_spd,algae_diaoms_presen,thickness_diatoms_present,macrophyte_pct,canopy,embeddedness,rock,rubble,gravel,sand,silt,clay,land_use,field_water_qlty,habitat,lgs_habitat_bank,lgs_habitat_macrophyte,lgs_habitat_snag,lgs_habitat_substrate,bottom_type,dominant_substrate,water_clarity_driver,epifaunal_cover,embeddedness_pooling,velocity_depth_regime,sediment_deposition,flow_status,channel_alteration,riffle_bend_frequency,left_bank_stability,right_bank_stability,left_bank_veg,right_bank_veg,left_bank_veg_zone,right_bank_veg_zone,temp,spcond,do_conc,do_pct_sat,ph,salinity,ref_field_yn,riffle_present,chl_a,site_condition_v1,site_condition_v2,site_condition_notes,microtox,hab_present,biosample,habitat_total_score,snag_present,landcover_nat_pct,landcover_dev_pct,landcover_ag_pct,landcover_water_pct,landcover_agdev_pct,condition_class
01-FISN-2.4,0,0,6,1,0,36,0,3,0,0,0,6,1,0,0,0,0,0,3,0,0,0,145,0,0,2,0,0,0,0,0,,1,0.3,4,0,NA,NA,100,100,NA,NA,NA,NA,NA,NA,NA,Field,NA,NA,0,2,0,2,Very soft,Clay,Turb,5,13,10,6,15,10,0,10,10,9,9,3,3,20.8,2132,2.27,25.5,7.4,NA,NA,No,NA,test,test,NA,NA,NA,NA,NA,N,65.27986862,4.557273847,30.16285753,0,34.72013138,3
01-GILL-0.3,83,0,0,0,0,31,3,0,0,0,0,73,0,0,0,0,1,0,0,0,0,11,0,0,0,2,0,0,4,0,15,,1,0.7,4,0.3,NA,NA,NA,NA,NA,NA,NA,NA,NA,NA,NA,NA,NA,NA,-9999,-9999,-9999,-9999,NA,NA,NA,10,10,10,5,11,10,4,8,8,8,8,5,5,24.4,476,11.74,1.4,8.8,NA,No,NA,NA,test,test,NA,NA,NA,NA,NA,NA,26.96436239,52.9182768,16.38471447,3.732646343,69.30299127,3
01-GOTC-0.2,24,0,146,1,0,72,0,0,0,0,0,1,0,0,0,0,0,0,2,0,0,15,2,1,0,1,0,0,0,0,5,,1,0.2,3,29,NA,NA,80,NA,NA,NA,NA,NA,NA,NA,NA,Forest residential condos,NA,NA,0,2,1,2,Very soft,Silt,Turb,4,3,3,7,16,2,2,9,9,8,8,10,2,21.5,2108,12.5,142,7.8,NA,No,No,NA,test,test,NA,NA,NA,NA,NA,Y,37.71716436,47.15842703,14.20116076,0.92324784,61.35958779,3
01-LSIS-2.4,109,0,25,11,3,40,5,8,0,0,0,16,0,0,0,0,0,0,17,0,0,0,3,0,0,0,0,0,0,0,1,,1,0.3,20,1,NA,NA,40,NA,NA,NA,NA,NA,NA,NA,NA,Forest,NA,NA,2,2,2,2,Soft,Gravel,Turb,17,14,15,13,19,15,13,9,8,9,8,6,10,20.7,909,3.6,40.6,7.5,NA,No,No,NA,test,test,NA,NA,NA,NA,NA,Y,64.99240559,12.13533756,22.61561829,0.256638559,34.75095585,2
01-MURD-20.0,70,0,4,21,0,36,15,14,0,0,0,13,2,0,0,0,3,0,9,0,0,5,2,0,0,0,0,0,0,0,10,,1,0.2,5,0.07,NA,NA,70,NA,NA,NA,NA,NA,NA,NA,NA,Forest agriculture,NA,NA,2,2,2,2,Hard,Gravel,Turb,17,18,17,15,17,15,17,6,9,10,10,9,2,21,636,7,79,7.5,NA,No,No,NA,test,test,NA,NA,NA,NA,NA,Y,42.21385025,4.402499714,53.11382352,0.269826522,57.51632323,2
01-PION-0.9,24,0,14,8,3,97,0,4,0,0,0,53,0,0,0,0,0,0,2,0,0,4,4,0,0,0,0,0,0,0,0,,1,0.5,4,0,NA,NA,20,NA,NA,NA,NA,NA,NA,NA,NA,Residential Forest,NA,NA,2,2,2,2,Soft,Clay,Turb,12,16,6,13,12,13,14,5,5,6,6,10,10,22.2,711,4.7,54,7.8,NA,No,No,NA,test,test,NA,NA,NA,NA,NA,Y,40.9221902,29.0585975,30.0192123,0,59.0778098,2
01-PLUT_N_T4-1.0,63,46,11,10,12,58,4,0,0,0,0,13,0,0,0,0,0,0,3,0,0,1,5,0,0,1,0,0,0,0,2,,1,0.2,1,0.1,NA,NA,40,5,NA,NA,NA,NA,NA,NA,NA,Suburban,NA,NA,-9999,-9999,-9999,-9999,Soft,Silt,Turb,10,5,5,18,20,17,12,8,9,10,10,4,8,23.1,664,5.6,66,7.5,NA,No,No,1.9,test,test,NA,NA,NA,NA,NA,NA,41.88024984,21.64548783,36.37734224,0.096920095,58.02283007,2
01-STYB_T5-0.3,3,0,0,1,0,146,0,0,0,0,0,0,0,0,2,0,0,0,0,0,0,1,29,1,0,0,0,0,0,0,27,,1,0.1,0.3,0.4,NA,NA,0,45,NA,NA,NA,NA,NA,NA,NA,Wetlands,NA,NA,2,0,2,2,Very soft,Silt,NA,17,6,13,9,19,18,12,4,3,3,3,9,9,17.79,282,6.9,72.7,7.2,NA,No,No,1.39,test,test,NA,NA,NA,NA,NA,Y,48.02300503,3.354900551,48.62209442,0,51.97699497,2
01-TONA-103.5,46,0,1,30,0,102,4,0,0,0,0,1,0,0,0,0,0,0,9,0,1,16,0,0,0,0,0,0,0,0,6,,1,0.3,1.5,38,NA,NA,0,NA,NA,NA,NA,NA,NA,NA,NA,Forest agriculture,NA,NA,2,0,2,2,Soft,Silt,Turb,18,19,17,15,18,13,18,9,9,10,3,9,8,15,487,10.2,101,8.1,NA,No,Yes,NA,test,test,NA,NA,NA,NA,NA,Y,43.85558132,3.400684553,51.7500276,0.993706525,55.15071216,2
01-VBUR-0.4,5,0,6,0,2,143,0,1,0,0,0,12,0,0,2,0,0,0,0,0,0,7,5,0,0,0,0,0,7,0,13,,1,0.1,1,NA,90,3,0,50,50,0,10,35,35,15,5,Residential,Poor,Low flow,2,1,0,2,Hard,Gravel,Turbidity,14,15,11,16,4,11,5,8,8,9,9,5,5,21.4,827,5.65,63,7.24,NA,NA,NA,NA,NA,NA,NA,1,NA,0,120,N,47.35786742,7.48997405,43.89006841,1.262090116,51.38004246,2
02-BLBA-0.4,19,0,21,6,0,54,13,2,0,0,0,0,0,0,0,0,0,0,115,0,0,2,7,0,0,0,0,0,0,0,0,,2,1,5,NA,NA,NA,50,18,NA,NA,NA,NA,NA,NA,NA,Agriculture,NA,Other,2,2,2,2,Hard,Gravel,Turbidity,16,17,13,15,15,18,14,9,9,9,9,10,10,21.1,387,4.7,52,7.4,NA,NA,NA,NA,NA,NA,NA,0,NA,1,164,Y,42.48155854,22.1108379,35.16171742,0.245886136,57.27255532,2
02-CASS-25.6,37,0,84,15,0,35,2,3,0,0,0,1,0,0,0,0,0,0,31,0,0,7,4,0,0,0,0,0,0,0,1,,2,1,10,5,NA,NA,20,8.5,NA,NA,NA,NA,NA,NA,NA,Agriculture,NA,NA,2,2,2,2,Soft,Silt,Turbidity,17,12,16,18,20,19,19,10,5,10,7,10,10,22.3,284,4.5,55,7.5,NA,NA,NA,NA,NA,NA,NA,0,NA,1,173,Y,70.48312071,3.416795878,25.19893356,0.901149849,28.61572944,1
02-CASS-33.3,61,0,3,19,1,87,9,23,0,0,0,4,0,0,0,0,0,0,3,0,0,0,4,0,0,0,0,0,3,0,1,,2,1,4,0,NA,NA,10,16,NA,NA,NA,NA,NA,NA,NA,Agriculture,NA,NA,2,2,2,2,Soft,Silt,Turbidity,13,13,10,15,NA,18,20,4,9,4,9,0,2,18.5,401,3.7,40,7.7,NA,NA,NA,NA,NA,NA,NA,0,NA,1,117,Y,60.02418867,5.585567426,32.00765975,2.382584156,37.59322717,2
02-RAWS-0.8,61,0,16,20,1,20,36,2,0,0,0,1,0,0,0,0,27,0,42,0,0,7,11,0,0,0,0,0,3,0,12,,2,0.2,4,0,60,2,30,4,30,0,50,20,10,20,NA,Forest,NA,Low flow,2,2,2,2,Hard,Gravel,DOC,15,18,17,14,18,17,15,8,9,7,8,3,8,23.4,304,5.3,62,7.1,0.1,NA,NA,NA,NA,NA,NA,1,NA,1,157,Y,77.2955077,1.691826383,20.69981472,0.312851198,22.3916411,1
03-BEAG-1.8,70,0,33,1,0,40,0,4,0,0,0,38,0,0,0,0,0,0,1,0,0,4,6,0,0,4,0,0,1,0,2,,3,1,4,2,NA,NA,10,96,NA,NA,NA,NA,NA,NA,NA,AG,NA,NA,2,2,2,2,Soft,Sand,Turb,7,8,1,6,12,15,9,8,7,7,8,4,6,19,820,4.69,49,7.78,NA,No,No,NA,test,test,NA,NA,NA,NA,NA,Y,39.26078272,4.150928471,56.56060276,0.02768604,60.71153124,3
03-BEEK-4.5,7,0,1,0,0,62,0,0,0,0,0,12,0,0,0,0,0,0,4,0,0,0,40,0,0,0,0,0,1,0,3,,3,0.5,4,0,100,2,50,68,NA,NA,NA,NA,NA,NA,NA,Agriculture,NA,Low flow,2,2,2,2,Soft,Silt,Turbidity,8,13,15,12,18,13,15,7,10,10,10,6,10,22.5,615,1.9,23,7.6,0.3,NA,NA,NA,NA,NA,NA,0,NA,1,147,Y,45.77231631,5.749395136,48.47828855,0,54.22768369,2
03-CHMO-8.6,38,0,23,0,2,6,4,1,160,0,0,0,0,0,0,0,0,0,7,0,0,4,0,0,0,1,0,0,3,0,3,,3,1,15,10,NA,NA,100,0,NA,NA,NA,NA,NA,NA,NA,Agricultural,NA,NA,2,2,2,2,Very soft,Clay,Susp Algae,15,10,7,5,17,15,13,8,8,8,8,8,8,23,506,1.2,13,7.2,NA,No,No,NA,test,test,NA,NA,NA,NA,NA,Y,44.57132366,5.610427758,49.31338351,0.504865063,54.92381127,2
03-EMIL_E_T6-0.4,46,0,184,4,0,19,1,0,0,0,0,0,5,0,0,0,0,0,0,0,0,2,6,0,0,0,0,0,0,0,54,,3,0.2,1,0,NA,NA,100,2,NA,NA,NA,NA,NA,NA,NA,Agricultural,NA,NA,2,2,0,2,Hard,Gravel,Turb,11,5,2,17,14,7,3,8,7,3,3,2,1,16.47,802,7.19,73.8,7.33,NA,No,No,3.49,test,test,NA,NA,NA,NA,NA,N,31.39534884,7.235142119,61.36950904,0,68.60465116,3
03-FOMI-5.5,85,0,4,0,1,17,0,0,0,0,0,84,0,0,0,0,0,0,0,0,0,0,19,0,0,0,0,0,0,0,5,,3,0.2,2,15,NA,NA,50,44,NA,NA,NA,NA,NA,NA,NA,Agricul; open fields,NA,NA,2,2,0,2,Soft,Clay,Turb,10,11,6,17,13,15,10,8,8,9,8,9,7,21.8,908,4.7,54,7.4,NA,No,No,NA,test,test,NA,NA,NA,NA,NA,N,41.85155305,49.97983058,6.262605889,1.906010488,56.24243647,3
03-FOMI_S-0.1,92,0,10,8,1,74,0,0,0,2,0,20,0,0,0,0,0,0,1,0,0,1,2,0,0,0,0,0,0,0,1,,3,0.2,3,0,NA,NA,0,88,NA,NA,NA,NA,NA,NA,NA,Rural residential,NA,NA,2,0,2,2,NA,Clay,Turb,10,15,5,11,13,15,13,6,6,4,4,10,9,23,834,6,71,7.7,NA,No,No,NA,test,test,NA,NA,NA,NA,NA,Y,51.21486697,38.51214867,8.657009292,1.615975068,47.16915796,2
03-GUFF-0.9,20,0,62,53,1,12,14,71,0,0,0,1,0,0,1,0,0,0,11,0,0,0,1,0,0,1,0,0,0,0,0,,3,0.3,5,10,NA,NA,100,2,NA,NA,NA,NA,NA,NA,NA,Agricultural,NA,NA,2,2,2,2,Very soft,Clay,Turb,17,5,3,7,17,17,10,7,7,8,8,10,10,24.6,373,1.7,20,6.9,NA,No,No,NA,test,test,NA,NA,NA,NA,NA,Y,39.11541889,3.319964349,57.48663102,0.07798574,60.80659537,2
03-HRTB-2.2,1,0,4,13,2,128,18,1,0,0,0,0,0,0,0,0,0,0,3,0,0,37,1,0,0,0,0,0,0,0,3,,3,0.2,3,70,NA,NA,20,NA,NA,NA,NA,NA,NA,NA,NA,Agricultural and residential,NA,NA,2,2,2,2,Soft,Sand,Turb,14,16,8,12,17,13,9,6,8,5,8,2,2,22,718,7.1,80,7.7,NA,No,No,NA,test,test,NA,NA,NA,NA,NA,Y,27.67107962,4.481322643,65.8835229,1.964074834,70.36484555,3
03-JEDO_T3-0.4,18,0,190,0,0,20,1,0,0,0,0,0,0,0,0,0,0,0,2,0,0,0,6,0,0,4,0,0,0,0,2,,3,0.2,0.4,0.2,NA,NA,10,3,NA,NA,NA,NA,NA,NA,NA,Agricultural,NA,NA,2,2,2,2,Hard,Gravel,NA,16,5,5,15,18,17,6,8,8,7,7,3,3,18.35,879,10.69,113,8.06,NA,No,No,2.19,test,test,NA,NA,NA,NA,NA,Y,17.1957672,3.439153439,78.30687831,1.058201058,81.74603175,3
03-JOHN-13.7,15,0,3,16,0,147,0,4,6,0,0,17,0,0,0,0,8,0,2,0,0,12,5,0,0,2,0,0,0,0,3,,3,3,15,5,NA,NA,10,86,NA,NA,NA,NA,NA,NA,NA,AG,NA,NA,2,1,2,2,Very soft,Silt,Turb,12,2,1,12,16,12,8,3,3,5,5,3,6,25,694,6.6,82.7,8.13,NA,No,No,NA,test,test,NA,NA,NA,NA,NA,Y,36.41820256,6.195743836,57.16192632,0.224127279,63.35767016,3
03-MIDL-2.4,10,0,2,1,7,98,0,2,0,0,0,55,0,0,0,0,0,0,0,0,0,1,7,0,0,2,0,0,0,0,20,,3,0.6,3,10,NA,NA,40,36,NA,NA,NA,NA,NA,NA,NA,AG.,NA,NA,2,2,2,2,Soft,Silt,Turb,15,8,2,8,18,14,4,6,6,4,4,3,3,19.3,939,3.61,39.3,7.73,NA,No,No,NA,test,test,NA,NA,NA,NA,NA,Y,28.4602688,3.867012497,67.6727187,0,71.5397312,3
03-SAND_T21-4.0,4,0,0,15,0,80,0,0,0,1,0,56,0,0,0,0,0,0,4,0,0,4,13,0,0,3,0,0,0,0,32,,3,0.3,1,0,NA,NA,10,NA,NA,NA,NA,NA,NA,NA,NA,Wetlands; forest,NA,NA,2,2,2,2,Soft,Clay,DOC,14,14,16,15,19,20,20,9,10,10,10,10,10,18.8,95,5.03,54.5,6.8,NA,Yes,No,NA,ref,ref,NA,NA,NA,NA,NA,Y,94.55201838,0.525106662,3.807023302,1.115851657,4.332129964,1
03-TELV-12.8,125,0,8,0,1,55,5,8,0,0,0,0,0,0,1,0,0,0,3,0,0,0,15,0,0,2,0,0,0,0,8,,3,0.3,3,0,NA,NA,40,55,NA,NA,NA,NA,NA,NA,NA,Agricultural,NA,NA,0,2,0,2,Very soft,Silt,Turb,11,11,6,9,14,15,8,7,7,9,9,10,10,24.5,739,5.1,61,7.4,NA,No,No,NA,test,test,NA,NA,NA,NA,NA,N,49.14694551,5.998899285,44.0286186,0.825536599,50.02751789,2
03-YANT_T1c-0.2,1,0,162,0,0,46,0,1,0,0,0,0,0,0,1,0,0,0,5,3,0,0,7,0,0,3,0,0,0,0,9,,3,0.12,1,10,NA,NA,80,52,NA,NA,NA,NA,NA,NA,NA,AG,NA,NA,2,2,0,2,Hard,Sand,Turb,3,3,5,3,10,17,10,5,6,3,6,2,4,18,779,6.45,68.6,7.46,NA,No,No,NA,test,test,NA,NA,NA,NA,NA,N,33.81321983,2.804206309,63.38257386,0,66.18678017,3
04-BLAK_N_T1-1.1,0,0,13,2,0,83,0,0,0,1,0,47,0,0,3,0,0,0,0,0,0,0,41,0,0,0,0,0,0,0,15,,4,0.2,3,10,NA,-9999,30,60,NA,5,0,0,0,95,0,Agriculture,NA,NA,2,2,2,2,Very_soft,Silt,NA,16,15,7,16,15,14,8,8,7,9,9,6,5,18,774,6.76,71.9,7.65,0.38,NA,NA,NA,NA,NA,NA,NA,NA,NA,NA,Y,54.24505835,2.601809955,43.1531317,0,45.75494165,2
04-BLAK_T16-0.8,12,0,8,1,1,140,33,0,0,4,0,0,0,0,1,0,0,0,3,0,0,5,2,0,0,0,0,0,0,0,6,,4,0.1,0.5,20,0,0,10,30,NA,0,0,10,0,90,0,Agriculture,NA,NA,2,2,1,2,Soft,Silt,DOC,5,8,3,11,9,6,3,6,6,4,4,5,5,21,627,9.12,102,8.29,0.31,NA,NA,NA,NA,NA,NA,NA,NA,NA,NA,Y,39.72799396,2.432942954,57.83906309,0,60.27200604,3
04-BLAK_T7-3.0,24,0,24,8,1,112,2,2,0,0,0,2,0,0,8,0,0,0,36,0,0,0,18,0,0,1,0,0,0,0,5,,4,0.3,4,0.05,NA,NA,30,40,NA,NA,NA,NA,NA,NA,NA,Ag,NA,NA,2,2,2,2,Very soft,Silt,Turb,14,8,10,12,18,15,15,5,7,8,8,6,2,25.2,970,10.2,115,7.4,NA,No,No,5,test,test,NA,NA,NA,NA,NA,Y,38.71883235,51.75349686,9.000608149,0.527062639,60.75410501,3
04-BLCE-5.2,30,0,10,33,2,125,20,0,0,0,0,0,0,0,0,0,0,0,1,0,0,1,0,0,0,0,0,0,0,0,1,,4,0.8,15,25,10,1,10,20,10,0,10,0,0,90,0,Forest,Poor,Adequate,2,0,1,2,Soft,Silt,DOC,12,10,12,14,14,14,7,8,8,9,8,9,8,23,114,8.75,102.2,7.6,0.05,NA,NA,NA,NA,NA,NA,NA,NA,NA,NA,Y,77.08082968,1.869742325,20.44230799,0.607120004,22.31205032,1
04-JCOX-4.6,317,0,14,1,31,0,0,0,0,0,0,23,0,0,0,0,0,0,0,0,0,0,0,0,0,1,0,0,3,0,2,,4,0.4,12,0,NA,NA,10,25,NA,NA,NA,NA,NA,NA,NA,Forest,NA,NA,2,2,0,2,Hard,NA,Turb,8,3,5,15,19,19,5,8,8,8,8,8,8,21.58,837,10.95,125,8.09,NA,NA,Yes,3.9,test,test,NA,NA,NA,NA,NA,N,18.70364648,7.43974042,73.8566131,0,81.29635352,3
04-JCOX_S-3.7,25,0,2,0,0,1,2,0,0,4,0,165,0,1,0,0,0,0,0,0,0,0,0,0,0,0,0,0,0,0,0,,4,NA,NA,-5,0,0,90,20,100,1,NA,NA,NA,99,NA,NA,Very_poor,Low_flow,2,2,0,2,Very_soft,Silt,NA,10,10,10,20,10,10,10,6,10,10,10,5,5,21,901,3.8,45,7.35,0.44,NA,NA,NA,NA,NA,NA,NA,NA,NA,NA,N,23.55072464,12.5,63.94927536,0,76.44927536,3
04-MCMI_S-5.0,14,0,3,34,1,49,11,0,0,0,0,13,0,0,0,0,0,0,2,0,1,48,0,0,0,0,0,0,1,0,29,,4,NA,4,2,NA,1,30,70,70,0,30,10,60,0,0,Forest,Good,Sand,2,2,2,2,Soft,Sand,Turbidity,16,18,7,16,18,19,7,9,9,9,9,5,9,23,316,6.9,86,7.62,0.15,NA,NA,NA,NA,NA,NA,NA,NA,NA,NA,Y,67.29391939,4.79801526,27.37443243,0.533632917,32.17244769,2
04-OATK-46.2,31,0,3,5,1,73,6,0,0,3,0,6,0,0,0,0,0,0,3,0,0,2,52,0,0,0,0,0,1,0,41,,4,0.3,12,33,NA,NA,NA,48,NA,NA,NA,NA,NA,NA,NA,Agricultural,NA,NA,2,2,2,2,Soft,Silt,Turb,13,12,16,8,11,16,14,5,7,5,5,4,4,22.2,574,6.2,71,7.7,NA,No,No,NA,test,test,NA,NA,NA,NA,NA,Y,42.02580163,5.78333044,52.09070634,0.100161594,57.87403678,3
04-SPRG-10.1,44,0,3,0,0,141,6,9,0,0,0,37,0,0,0,0,0,0,1,0,0,0,4,0,0,2,0,0,0,0,2,,4,0.5,3,0.1,NA,NA,70,27,NA,NA,NA,NA,NA,NA,NA,Wetlands; forest,NA,NA,1,2,0,2,Soft,Silt,DOC,10,8,12,9,18,18,12,9,9,9,9,9,9,22.14,722,3.05,35.2,7.44,NA,No,No,5.35,test,test,NA,NA,NA,NA,NA,N,16.99450145,5.135763279,77.86973528,0,83.00549855,3
04-WCONI-0.6,22,0,9,2,0,59,78,0,0,1,0,21,0,0,0,0,0,0,20,0,0,0,2,0,0,0,0,0,0,0,0,,4,0.15,3,27.3,20,1,20,70,80,10,0,40,30,20,0,Forest,Good,Adequate,2,2,2,2,Soft,Silt,Turbidity,15,10,10,10,17,15,5,8,10,3,9,6,10,22,399,5.8,70,7.44,0.19,NA,NA,NA,NA,NA,NA,NA,NA,NA,NA,Y,64.14308254,4.698747658,30.97820728,0.179962528,35.67695494,2
04-WDIT-0.1,81,0,6,4,0,67,1,0,0,0,0,0,0,1,1,0,0,0,0,0,0,33,6,3,0,0,0,0,1,0,2,,4,0.5,5,30,NA,-9999,10,80,NA,0,0,0,0,15,85,Agriculture,NA,NA,2,0,2,2,Very_soft,Clay,Turbidity,5,5,7,8,7,17,11,4,3,9,2,9,2,20,562,6.94,76.7,7.75,0.27,NA,NA,NA,NA,NA,NA,NA,NA,NA,NA,Y,43.54979604,5.558627654,50.86112246,0.030453842,56.41975012,3
04-WMRSG-0.2,3,0,2,71,0,41,1,0,0,1,0,16,0,5,0,0,0,0,8,0,0,0,37,0,0,0,0,0,0,0,16,,4,0.5,6,10,20,3,20,10,NA,0,0,15,0,85,0,Forest,Good,Adequate,2,2,2,2,Soft,Silt,Turbidity,20,18,15,20,15,20,20,10,10,10,10,10,10,20,129,7.52,81.8,7.24,0.6,NA,NA,NA,NA,NA,NA,NA,NA,NA,NA,Y,61.43384441,1.652470187,36.91368541,0,38.56615559,1
05-CAMB-11.2,13,0,13,15,0,93,5,17,0,0,0,30,0,0,0,0,0,0,19,0,0,0,5,0,0,0,0,0,0,0,0,,5,0.2,2,10,NA,NA,10,36,NA,NA,NA,NA,NA,NA,NA,Agriculture,NA,NA,2,2,2,2,Soft,Silt,Turb,17,15,16,14,18,18,18,9,9,9,9,9,9,19,136,7.5,82,6.7,NA,No,Yes,2.9,test,test,NA,NA,NA,NA,NA,Y,53.96825397,1.628001628,43.95604396,0.447700448,45.58404558,1
05-CBRO-1.8,55,0,67,0,0,4,0,0,0,0,0,74,0,0,0,0,0,0,0,0,0,0,1,0,0,2,0,0,0,0,11,,5,0.8,10,10,0,NA,60,41,NA,NA,NA,NA,NA,NA,NA,Residential,NA,Adequate,2,2,2,2,Soft,Silt,Turbidity,18,18,15,16,17,17,16,4,9,6,9,2,4,15.5,706,6.3,64,7.2,0.36,NA,NA,NA,NA,NA,NA,0,0,1,151,Y,17.81246129,74.9783228,7.134894091,0.074321813,82.1132169,3
05-STEO-35.7,9,0,0,27,2,142,15,0,0,1,0,0,0,0,0,0,0,0,2,0,0,4,3,0,0,0,0,0,0,0,1,,5,0.5,15,17,100,3,30,6,75,5,10,25,10,50,0,Agriculture,Good,Other,2,2,2,2,Soft,Silt,Turbidity,16,15,4,3,18,14,5,3,4,5,5,8,3,20,635,6.7,76,7.7,NA,NA,NA,NA,NA,NA,NA,0,0,1,103,Y,63.91620453,6.079243972,29.73445604,0.270095462,35.81370001,2
05-WINI_T2-1.2,76,0,12,3,0,47,6,1,0,0,0,0,0,0,0,0,0,0,0,2,0,41,6,0,0,0,0,0,0,0,5,,5,0.09,1.5,0,NA,NA,25,8,NA,NA,NA,NA,NA,NA,NA,Residential,NA,NA,2,2,2,2,Hard,Clay,Turb,10,6,5,14,16,12,6,4,7,6,7,4,7,13.6,380,5.9,57,7.1,NA,No,No,0.29,ref,test,"High cond, low DO. Consistent outlier in plots. Lots of Cragonyx, showing low WQ. Also lots of Limnephilus. These two dominate here.",NA,NA,NA,NA,Y,83.5477707,7.949044586,8.503184713,0,16.4522293,2
06-FABS-5.0,2,0,1,1,0,118,1,0,0,0,0,0,0,0,0,0,1,0,0,0,2,2,10,0,0,0,0,0,2,0,61,,6,0.5,12,70,NA,NA,20,15,NA,NA,NA,NA,NA,NA,NA,Wetland; agriculture,NA,NA,2,2,2,2,Hard,Gravel,NA,19,12,18,7,19,19,16,9,9,9,9,9,9,14.55,560,10.82,106.2,7.66,NA,No,No,0.14,test,test,NA,NA,NA,NA,NA,Y,35.45232274,6.008742684,57.45721271,1.081721864,63.4659554,2
06-FLYS-0.7,112,0,20,2,2,63,0,1,0,0,0,20,0,0,0,0,0,0,0,0,0,2,0,0,0,0,0,0,0,0,2,,6,0.7,8,40,NA,NA,50,99,NA,NA,NA,NA,NA,NA,NA,Wetland/meadow,NA,NA,2,2,2,2,Very soft,Silt,Turb,13,8,14,3,18,18,18,9,9,9,7,9,7,14.73,393,10.74,106,7.71,NA,No,No,2.17,test,test,NA,NA,NA,NA,NA,Y,42.6509546,3.028226911,53.81839773,0.502420755,56.84662465,2
06-MADB-0.1,113,0,4,0,4,50,4,29,0,0,0,2,0,0,0,0,0,0,0,0,0,0,0,0,0,0,0,0,0,0,0,,6,0.7,7,0.4,NA,NA,10,93,NA,NA,NA,NA,NA,NA,NA,Agricultural,NA,NA,2,2,2,2,Soft,Silt,Turb,15,13,13,16,19,18,10,10,10,5,6,5,5,13.89,211,8.8,85,7.13,NA,NA,No,0.42,test,test,NA,NA,NA,NA,NA,Y,66.79406588,3.203419663,29.76615539,0.236359065,32.96957506,2
06-NING-7.7,5,0,0,10,0,161,4,7,0,0,0,1,0,0,6,0,0,0,3,0,0,8,2,0,1,1,0,0,0,0,11,,6,0.6,3,0.4,NA,NA,50,25,NA,NA,NA,NA,NA,NA,NA,NA,NA,NA,2,2,2,2,Soft,Silt,DOC,13,14,15,14,19,19,18,10,10,10,10,10,10,16.89,84,8.79,90.7,6.87,NA,Yes,No,NA,ref,ref,NA,NA,NA,NA,NA,Y,88.73177198,0.980998674,10.03093239,0.256296951,11.01193106,1
07-BLDY-0.1,16,0,5,1,0,116,16,2,0,0,0,1,0,0,0,0,5,0,22,0,0,1,16,0,0,0,0,0,1,0,0,,7,0.35,3.5,5,100,3,30,0,10,0,30,10,50,10,NA,Residential,NA,Adequate,2,2,0,2,Hard,Sand,Turbidity,2,4,1,4,6,1,1,8,8,1,1,0,0,20.2,2592,7.1,79,7.9,1.3,NA,NA,NA,NA,NA,NA,0,NA,1,37,N,10.73872087,87.46653446,1.79474467,0,89.26127913,3
07-BUTL-3.5,27,0,42,6,0,104,0,0,0,0,0,11,0,0,0,0,0,0,6,0,0,2,4,0,0,1,0,0,4,0,0,,7,0.8,8,0.2,NA,NA,NA,80,NA,NA,NA,NA,NA,NA,NA,Ag,NA,NA,2,2,2,2,Very soft,Silt,Turb,10,10,10,18,20,15,15,10,9,10,9,5,10,22.1,610,7.2,82,7.8,NA,No,No,3.1,test,test,NA,NA,NA,NA,NA,Y,42.64479095,3.195681974,54.07385195,0.08567512,57.26953393,2
07-CANA-32.8,64,0,9,10,3,73,2,1,0,1,0,2,0,0,1,0,0,0,10,0,0,21,3,0,0,0,0,0,0,0,3,,7,1,7,30,10,NA,30,NA,NA,NA,NA,NA,NA,NA,NA,Residential,NA,NA,2,2,2,2,Soft,Silt,Susp algae,16,14,15,NA,18,17,11,7,8,10,10,2,3,24.07,536,9.08,108,8.14,0.26,NA,NA,NA,NA,NA,NA,0,NA,1,131,Y,48.31096654,7.099256506,35.62286245,8.966914498,42.72211896,2
07-COWA_T10-0.9,0,3,93,5,2,29,0,0,0,17,0,35,0,0,0,0,0,0,0,1,0,0,19,0,0,0,0,0,0,0,9,,7,3,3,10,NA,NA,10,60,NA,NA,NA,NA,NA,NA,NA,Residential,NA,Low flow,2,2,2,2,Very soft,Silt,Turbidity,12,13,12,13,16,19,11,8,8,9,7,9,6,22,551,4.8,57,7.69,0.27,NA,NA,NA,NA,NA,NA,1,NA,1,143,Y,37.24045546,37.3074347,25.45210985,0,62.75954454,2
07-GEDD-1.4,199,0,1,0,0,6,3,0,0,0,0,4,0,0,0,0,3,0,0,0,0,0,1,0,0,0,0,0,0,0,0,,7,0.3,3,25,NA,NA,NA,75,NA,NA,NA,NA,NA,NA,NA,Commercial,Good,NA,2,2,1,2,Hard,Gravel,NA,12,17,17,NA,20,18,3,9,9,10,10,4,2,18.03,2267,8.18,87,7.67,1.17,NA,NA,NA,NA,NA,NA,0,NA,1,131,Y,33.71872161,45.88322735,20.36501776,0.033033281,66.24824511,3
07-HARB-0.5,19,0,183,0,0,3,2,0,0,0,0,1,0,0,0,0,0,0,0,0,0,0,4,0,0,1,0,0,0,0,0,,7,0.8,3,10,NA,NA,40,30,NA,NA,NA,NA,NA,NA,NA,Urban,NA,NA,2,2,0,2,Very soft,Silt,Turb,6,6,11,6,18,1,1,8,8,4,5,2,7,14.49,2085,10.25,99.6,7.61,NA,No,No,0.06,test,test,NA,NA,NA,NA,NA,N,32.6882092,49.36927596,17.6401129,0.302401935,67.00938886,3
07-HENC_T4-1.2,11,0,16,30,0,126,7,0,0,0,0,0,0,0,0,0,0,0,0,0,0,1,11,0,0,0,0,0,0,0,3,,7,0.2,0.8,0,10,1,0,0,NA,0,25,35,20,10,10,Agriculture,Good,Low flow,2,0,0,2,Hard,Gravel,Turbidity,7,18,6,13,17,11,8,8,8,5,7,1,1,16.4,406,4.2,42,7.5,0.2,NA,NA,NA,NA,NA,NA,0,NA,1,110,N,31.12373737,2.02020202,66.85606061,0,68.87626263,3
07-JACB-1.9,1,0,3,77,0,70,0,2,0,0,0,19,0,0,0,0,0,0,3,0,2,4,6,0,0,0,0,0,0,1,15,,7,0.2,3,4,30,1,10,1,75,0,10,10,30,40,10,Agriculture,Poor,Other,2,2,0,2,Soft,Silt,Turbidity,13,14,14,9,18,16,16,8,7,4,4,4,4,18,730,8.1,85,8.1,0.4,NA,NA,NA,NA,NA,NA,1,NA,1,131,N,15.42558342,3.282657112,81.29175947,0,84.57441658,3
07-LITR-0.2,25,2,8,8,2,30,54,0,0,0,0,1,0,0,0,0,29,0,6,0,0,11,1,0,0,0,0,0,0,0,25,,7,0.6,8,20,90,1,30,36,30,NA,NA,NA,NA,NA,NA,Forest,NA,Other,2,2,2,2,Hard,Silt,Turbidity,17,17,15,14,16,16,15,8,8,7,8,7,8,21.8,119,8.3,96,7.6,0.05,NA,NA,NA,NA,NA,NA,1,NA,1,156,Y,89.28960792,0.537706771,7.873803788,2.298881516,8.411510559,1
07-MUDE-4.4,3,0,9,13,0,53,1,0,0,0,0,0,0,0,0,0,0,0,1,0,0,1,25,0,0,0,0,0,1,0,92,,7,0.24,1,0.4,NA,NA,10,33,NA,NA,NA,NA,NA,NA,NA,Agricultural,NA,NA,2,2,2,2,Hard,Gravel,NA,14,18,15,17,19,14,15,9,9,6,9,2,8,14.43,470,8.2,80.5,7.47,NA,No,No,2.19,test,test,NA,NA,NA,NA,NA,Y,33.74029022,57.92154941,8.265383416,0.072776961,66.18693282,2
07-MUSK-0.5,285,0,0,32,0,22,0,0,0,0,0,16,0,0,0,0,0,0,0,0,0,0,1,0,0,0,0,0,0,0,65,,7,0.8,8,40,NA,NA,40,5,NA,NA,NA,NA,NA,NA,NA,Forest,NA,NA,2,2,2,2,Hard,Sand,DOC,14,12,13,8,14,18,13,9,9,8,8,8,7,21.8,508,4.93,57.1,7.35,NA,No,No,2.75,test,test,NA,NA,NA,NA,NA,Y,33.8832875,4.636017174,57.6696094,3.811085918,62.30562658,2
07-NINE-0.7,2,0,0,10,0,179,0,0,0,0,0,4,0,0,0,0,0,0,0,0,0,0,7,0,0,0,0,0,0,0,0,,7,0.7,15,10,NA,NA,10,15,NA,NA,NA,NA,NA,NA,NA,Commercial,Poor,NA,2,1,1,2,Soft,Silt,Turbidity,8,13,13,NA,17,8,0,5,5,6,6,1,1,22.2,2743,10.4,120,7.9,1.42,NA,NA,NA,NA,NA,NA,0,NA,1,83,Y,42.37388366,14.09727251,40.18736423,3.341479604,54.28463674,3
07-NORB_T10-1.5,160,0,0,4,0,27,0,0,0,0,0,0,0,0,7,0,0,0,0,0,0,3,6,0,0,0,0,0,1,0,6,,7,0.1,1,NA,NA,NA,NA,100,NA,NA,NA,NA,NA,NA,NA,Agriculture,NA,Adequate,2,1,2,2,Soft,Sand,Turbidity,17,17,7,18,15,15,14,9,9,10,10,10,10,18.29,724,6.91,73.1,7.94,0.35,NA,NA,NA,NA,NA,NA,0,NA,1,161,Y,33.89121339,19.33054393,46.77824268,0,66.10878661,2
07-ONON_W_T7-1.5,42,0,61,12,0,67,9,0,0,0,0,1,0,0,0,0,0,0,2,2,0,4,0,0,0,0,0,0,0,0,32,,7,0.15,0.5,NA,NA,NA,40,2,NA,NA,NA,NA,NA,NA,NA,Wetlands; agriculture,NA,NA,2,2,0,2,Soft,Silt,Turb,14,8,6,9,19,19,8,9,9,6,10,4,10,19.47,817,8.04,87.4,7.79,NA,No,No,1.02,test,test,NA,NA,NA,NA,NA,N,6.401766004,4.746136865,88.85209713,0,93.598234,3
07-POBK_T4-1.5,133,0,0,0,0,24,0,0,0,0,0,72,0,0,0,0,0,0,1,0,0,0,0,1,0,1,0,0,24,0,7,,7,0.1,1,0.5,NA,NA,10,70,NA,NA,NA,NA,NA,NA,NA,Ag,NA,NA,-9999,-9999,-9999,-9999,Soft,Sand,Turb,10,6,10,10,15,13,12,7,7,8,8,9,2,21.6,1478,6.8,77,7.5,NA,NA,Yes,0.8,test,test,NA,NA,NA,NA,NA,NA,5.744125326,12.35857267,81.46214099,0.43516101,93.82071366,3
07-SNDR-1.5,1,0,44,0,4,32,3,0,0,0,0,44,0,0,0,0,0,0,37,0,0,0,15,0,0,0,0,0,0,0,26,,7,0.25,1.5,0.5,100,1,30,2,20,0,25,30,30,15,NA,Commercial,NA,Adequate,2,2,0,2,Soft,Silt,Turbidity,1,1,1,2,6,2,1,4,3,3,2,0,0,23,2708,2.6,30,7.27,1.41,NA,NA,NA,NA,NA,NA,0,NA,0,26,N,12.53776435,77.75679758,9.705438066,0,87.46223565,3
07-WBOT-0.3,175,0,62,5,0,31,0,5,0,0,0,34,2,0,0,0,0,0,0,0,0,2,7,0,0,0,0,0,0,0,0,,7,0.6,4,30,NA,NA,40,5,NA,NA,NA,NA,NA,NA,NA,Forest; wetland,NA,NA,1,2,2,2,Very soft,Silt,Turb,15,9,14,10,14,15,10,7,8,8,6,9,4,19.9,1145,7.7,84.5,7.74,NA,No,No,1.62,test,test,NA,NA,NA,NA,NA,Y,43.23653085,7.625347333,48.79632134,0.341800477,56.42166867,3
08-BARE_T5-0.5,0,0,1,3,0,197,4,0,2,0,0,0,0,0,0,0,0,0,2,0,3,1,0,0,0,0,0,0,0,0,3,,8,0.5,8,60,NA,NA,25,17,NA,NA,NA,NA,NA,NA,NA,Forest,NA,NA,2,2,2,2,Soft,Sand,DOC,16,17,17,18,18,18,17,10,10,10,10,10,10,19,70,6.9,75,5.9,NA,Yes,No,2,ref,ref,NA,NA,NA,NA,NA,Y,92.20360825,1.095360825,0,6.701030928,1.095360825,1
08-BENE-0.2,0,0,0,1,0,42,120,0,0,0,0,0,0,0,1,0,0,0,4,0,2,33,0,0,0,0,0,0,0,0,1,,8,1,10,NA,NA,NA,10,13,NA,NA,NA,NA,NA,NA,NA,Wetland,NA,Adequate,2,2,2,2,Hard,Sand,DOC,16,17,13,16,17,19,16,9,9,10,10,10,10,11.8,17.6,9.99,98.1,6.42,NA,NA,NA,NA,NA,NA,NA,0,0,1,172,Y,98.451491,0.09036392,0,1.458145075,0.09036392,1
08-BLAC-2.5,1,0,0,7,1,84,22,0,0,0,0,2,0,0,1,0,0,0,5,0,0,7,0,0,0,0,0,0,0,0,2,,8,0.5,3,0,NA,NA,0,15,NA,NA,NA,NA,NA,NA,NA,Agricultural,NA,NA,-9999,-9999,-9999,-9999,Soft,Sand,DOC,10,13,13,12,19,17,11,8,5,7,6,7,3,15.34,59,9.39,93.9,6.97,NA,No,No,NA,ref,ref,NA,NA,NA,NA,NA,NA,88.91706473,0.377425252,10.31432447,0.391185548,10.69174972,1
08-MURM-3.4,0,0,0,14,0,62,41,0,0,0,0,17,0,0,0,0,0,0,0,0,0,66,0,0,0,0,0,0,0,0,1,,8,0.3,5,34,50,1,20,13,25,NA,NA,NA,100,NA,NA,Agriculture,NA,NA,2,2,2,2,Soft,Sand,DOC,17,18,17,17,18,13,18,8,8,8,8,5,5,12,48,10.1,93,6.5,NA,NA,NA,NA,NA,NA,NA,0,0,1,160,Y,90.38836407,0.152446644,9.004348478,0.454840806,9.156795122,1
09-ALLE-1.9,7,0,0,3,0,236,2,0,0,0,0,0,0,0,0,0,0,0,1,0,0,0,1,0,0,24,0,0,0,0,2,,9,0.1,1,0,NA,NA,0,100,NA,NA,NA,NA,NA,NA,NA,Forest,NA,NA,2,0,2,2,Hard,Clay,DOC,14,8,6,10,16,15,6,8,8,9,9,10,10,18.67,290,2.6,28,6.87,NA,No,No,NA,test,ref,NA,NA,NA,NA,NA,Y,74.65056963,0.938615882,24.20676756,0.204046931,25.14538344,1
09-BIBK-5.4,0,0,8,5,0,9,0,0,0,0,0,0,0,2,0,0,161,0,7,0,0,9,0,0,0,0,0,0,0,0,16,,9,1,10,10,50,3,30,0,10,NA,NA,NA,NA,NA,NA,Forest,Good,Adequate,2,2,0,2,Hard,Sand,Turbidity,10,14,18,19,19,20,19,10,10,10,10,7,7,16,46,9.16,92.4,7.03,0.02,NA,NA,NA,NA,NA,NA,NA,NA,NA,NA,N,91.47895025,1.679879716,0,6.841170038,1.679879716,1
09-BLCH-0.2,104,0,7,5,0,59,4,0,0,0,0,0,0,0,0,0,0,0,8,0,0,2,25,0,0,0,0,0,0,0,7,,9,1.2,6,0,NA,NA,20,15,NA,NA,NA,NA,NA,NA,NA,Forest; wetlands,NA,NA,2,2,0,2,Very soft,Silt,DOC,8,6,7,11,19,19,8,10,10,9,9,8,7,22.83,164,6.02,69.6,7.26,NA,No,No,NA,ref,ref,NA,NA,NA,NA,NA,N,97.591874,0.553526592,0.336681123,1.517918283,0.890207715,1
09-BRND-2.5,83,0,3,29,0,9,17,17,0,0,0,7,2,0,2,0,0,0,47,0,0,0,0,0,0,0,0,0,0,0,0,,9,0.5,12,0.1,NA,NA,10,35,NA,NA,NA,NA,NA,NA,NA,Residential,NA,NA,2,2,1,2,Hard,Silt,Turb,11,13,13,12,13,16,12,6,4,8,5,8,6,13.9,309,11,107,7.7,NA,No,No,NA,test,test,NA,NA,NA,NA,NA,Y,72.60283638,2.472508089,24.51643467,0.408220863,26.98894276,2
09-CEDL-0.1,4,0,1,29,0,110,11,1,0,0,0,2,0,2,0,0,0,0,2,0,0,4,81,2,0,2,0,0,3,0,1,,9,1,2.5,0,NA,NA,30,0,NA,NA,NA,NA,NA,NA,NA,Forest; wetlands,NA,NA,2,2,0,2,Very soft,Silt,DOC,12,7,10,7,19,20,15,10,10,10,10,10,10,21.73,339,4.53,51.6,7,NA,No,No,NA,ref,ref,NA,NA,NA,NA,NA,N,89.33936124,0.758349132,3.886539303,6.015750328,4.644888435,1
09-CHPW-11.0,85,0,4,9,0,10,8,0,0,0,0,32,0,0,0,0,48,0,15,0,0,0,1,0,0,0,0,0,1,0,0,,9,1,4,0.1,NA,-9999,70,30,NA,0,0,0,0,100,0,Agriculture,Poor,Low_flow,2,2,2,2,Very_soft,Silt,Susp_algae,20,18,14,16,17,17,18,10,10,3,3,7,7,13,604,2.5,24,7.36,0.3,NA,NA,NA,NA,NA,NA,NA,NA,NA,NA,Y,58.12245799,4.238364282,37.25086037,0.388317353,41.48922465,2
09-ENGL-17.6,0,0,2,3,0,193,2,0,0,0,0,0,0,0,0,0,0,0,1,0,0,1,11,0,0,0,0,0,0,0,0,,9,1,2.5,10,NA,NA,10,1,NA,NA,NA,NA,NA,NA,NA,Meadow,NA,NA,2,2,0,2,Hard,Gravel,DOC,12,16,11,16,19,20,6,10,10,7,7,4,9,20.05,111,4.2,47.2,6.54,NA,Yes,No,NA,ref,ref,NA,NA,NA,NA,NA,N,93.77528789,2.396514161,0.56022409,3.267973856,2.956738251,1
09-FARR-3.1,0,0,0,42,1,129,23,3,0,0,0,0,0,0,0,0,0,0,1,0,0,3,0,0,0,0,0,0,0,0,3,,9,1.5,5,10,NA,NA,30,0,NA,NA,NA,NA,NA,NA,NA,Forest; meadow,NA,NA,2,2,2,2,Very soft,Silt,DOC,7,7,11,8,6,19,19,7,7,8,8,10,10,20.12,213,7.31,80.9,7.52,NA,Yes,No,NA,test,test,"Possible ref site, 74% LU. Noted as possible in field sheet.",NA,NA,NA,NA,Y,74.01710001,2.75422244,22.87476347,0.353914079,25.62898591,2
09-FSCR-9.2,6,1,1,17,0,73,39,38,0,1,0,0,0,0,0,0,0,0,53,0,0,0,0,0,0,0,0,0,0,0,0,,9,2,15,1,50,3,60,0,NA,NA,NA,100,NA,NA,NA,Agriculture,Poor,Other,2,2,0,2,Hard,Gravel,DOC,9,8,6,18,20,17,12,10,10,10,10,10,9,16,250,3.1,33,6.6,0.2,NA,NA,NA,NA,NA,NA,NA,NA,NA,NA,N,52.40719424,2.414388489,37.5942446,7.584172662,40.00863309,2
09-JEWT-3.1,47,0,8,6,0,57,6,0,7,3,0,16,4,0,0,0,12,0,36,0,0,2,0,0,0,0,0,0,0,0,0,,9,1,20,0,NA,NA,10,10,NA,NA,NA,NA,NA,NA,NA,Agricultural,NA,NA,2,2,0,2,Hard,Gravel,Turb,12,13,12,14,14,15,16,7,8,3,4,3,1,13.4,350,3.4,34,7,NA,No,No,NA,test,test,NA,NA,NA,NA,NA,N,60.45337949,4.431607266,33.80534295,1.309670288,38.23695022,2
09-LSAL_T1-1.0,71,0,0,2,0,4,2,16,0,6,0,71,0,0,0,0,0,0,2,0,0,0,0,0,0,0,0,0,0,0,33,,9,0.1,0.5,0,NA,NA,50,0,NA,NA,NA,NA,NA,NA,NA,Agricultural,NA,NA,2,1,0,1,Soft,Silt,Turb,11,7,5,15,7,17,11,8,8,5,5,9,9,17,573,8,82,7.4,NA,No,No,NA,test,test,NA,NA,NA,NA,NA,N,39.31750742,2.34421365,58.33827893,0,60.68249258,3
09-LSUK-11.3,14,0,8,11,0,139,0,0,0,0,0,14,0,0,0,0,0,0,0,0,0,0,13,0,0,1,0,0,0,0,2,,9,0.5,2.5,0,NA,NA,0,20,NA,NA,NA,NA,NA,NA,NA,Agricultural,NA,NA,2,0,2,2,Soft,Silt,Turb,13,11,11,7,20,18,16,7,8,5,7,8,8,21.54,345,6.21,70.9,7.18,NA,No,No,NA,ref,test,"Non-ref site? Habitat scores are low, notes \""Stream is surrounded on all sides by agricultural fields\"". Much of basin is high natural LU, but site is very ag heavy. Note says lots of dumping at site.",NA,NA,NA,NA,Y,83.46491228,3.026315789,12.76315789,0.745614035,15.78947368,3
09-LTTL-13.2,0,0,1,0,1,140,1,0,0,0,0,0,0,0,9,0,0,0,7,0,0,5,7,0,0,0,0,0,0,0,11,,9,1.75,4,20,0,0,50,40,70,0,10,5,5,40,40,Forest,Very_poor,Adequate,2,0,2,2,Very_soft,Silt,Turbidity,10,7,12,4,10,6,5,6,5,6,3,7,2,18,390,6.63,74,6.14,0.19,NA,NA,NA,NA,NA,NA,NA,NA,NA,NA,Y,87.78580521,3.078347413,0.352141783,8.78370559,3.430489196,2
09-MARA-4.5,13,0,1,0,0,94,79,0,0,0,0,0,0,0,0,0,0,0,5,0,0,13,0,0,0,0,0,0,0,0,7,,9,1,15,5,NA,-9999,NA,0,NA,0,0,0,0,70,30,Forest,Poor,Low_flow,2,2,0,2,Soft,Silt,DOC,6,12,11,17,18,19,19,10,10,10,10,10,10,15,81,7.19,72,6.72,0.04,NA,NA,NA,NA,NA,NA,NA,NA,NA,NA,N,86.33442744,2.348481346,0,11.31709121,2.348481346,1
09-OTTS-0.2,155,0,0,12,1,44,1,0,0,1,0,2,0,0,0,0,0,0,1,0,0,0,0,0,0,0,0,0,0,0,0,,9,0.2,3,5,NA,-9999,10,20,NA,0,0,10,0,90,0,Wetland,Good,Adequate,2,2,0,2,Very_soft,NA,Turbidity,13,12,11,16,17,20,18,10,10,10,10,10,10,18,334,6,63,7.28,0.16,NA,NA,NA,NA,NA,NA,NA,NA,NA,NA,N,45.58629154,6.127265861,47.46034743,0.826095166,53.58761329,2
09-PIKC-8.7,5,0,1,47,0,27,90,16,0,0,0,0,2,0,0,0,0,0,8,0,0,8,0,0,0,0,0,0,0,0,0,,9,0.5,5,10,NA,NA,20,NA,NA,NA,NA,NA,NA,NA,NA,Agricultural,NA,NA,1,2,2,2,Soft,Silt,Turb,13,11,12,12,13,16,15,4,3,1,2,5,7,19.1,211,8.2,87,7.7,NA,No,No,NA,ref,ref,NA,NA,NA,NA,NA,Y,90.63590284,0.12836548,6.013429004,3.222302679,6.141794484,2
09-PLMB-12.4,1,0,0,17,0,33,93,0,0,0,2,0,0,0,3,0,0,0,14,0,3,36,0,0,0,0,0,0,0,0,0,,9,0.4,6,20,NA,NA,20,53,NA,NA,NA,NA,NA,NA,NA,Forest,NA,NA,2,2,2,2,Hard,Sand,DOC,17,17,13,8,9,20,16,7,5,8,5,6,10,15.9,65,8.9,90,7,NA,No,No,NA,ref,test,Possibly not ref site! Does not cluster well. Dominance of Maccaffertium modestum tells non-low gradient<U+0085>,NA,NA,NA,NA,Y,96.82208672,0.389872385,0.145068794,2.642972097,0.534941179,1
09-SCKE-16.4,0,0,117,3,0,68,0,0,0,0,0,2,0,2,0,0,0,0,0,0,0,0,2,0,0,1,0,0,0,0,36,,9,0.5,2,0,NA,NA,100,0,NA,NA,NA,NA,NA,NA,NA,Agricultural,NA,NA,2,2,0,2,Very soft,Silt,Susp Algae,4,6,11,10,20,20,14,10,10,8,8,9,9,14.2,564,14.19,137.2,7.11,NA,No,No,NA,test,test,NA,NA,NA,NA,NA,N,49.3309172,3.861165319,44.81460831,1.993309172,48.67577363,2
09-SOAP-0.8,3,0,2,8,1,19,0,0,0,2,0,0,0,0,0,0,0,0,0,0,0,0,9,0,0,0,0,0,0,0,0,,9,0.5,3,5,NA,-9999,50,30,NA,0,0,0,0,100,0,Agriculture,Poor,Adequate,2,2,0,2,Very_soft,Silt,NA,12,16,10,16,14,18,13,10,10,7,7,6,5,13,516,6,57,7.59,0.25,NA,NA,NA,NA,NA,NA,NA,NA,NA,NA,N,45.53252323,5.623064093,48.84441268,0,54.46747677,2
09-TRAY-2.9,93,0,4,4,0,139,64,3,2,0,0,1,0,0,0,0,0,0,3,0,0,9,0,0,0,1,0,0,2,0,1,,9,0.5,3,0,NA,NA,80,0,NA,NA,NA,NA,NA,NA,NA,Residential; business,NA,NA,2,2,2,2,Soft,Clay,DOC,12,14,15,11,19,18,19,5,8,4,8,0,9,22.38,284,5.87,67.7,7.36,NA,No,No,NA,ref,ref,NA,NA,NA,NA,NA,Y,78.5259794,2.45384769,18.16417953,0.85599338,20.61802722,2
09-WHIK-0.8,111,0,0,6,1,59,1,0,0,0,0,0,0,0,0,0,0,0,10,0,0,8,0,0,0,0,0,0,3,0,2,,9,0.3,4,30,100,3,20,10,NA,NA,NA,100,NA,NA,NA,Agriculture,Good,Other,2,2,1,2,Hard,Gravel,Turbidity,12,14,13,13,16,13,11,3,7,3,5,0,0,17,531,7.54,78.3,7.82,0.26,NA,NA,NA,NA,NA,NA,NA,NA,NA,NA,Y,48.07605524,4.251030416,47.23968832,0.43322603,51.49071873,2
09-WSCK-3.4,3,0,62,15,0,59,0,3,0,0,0,0,32,0,0,0,0,0,3,0,0,20,0,0,0,0,0,0,1,0,2,,9,0.5,10,0,NA,NA,50,10,NA,NA,NA,NA,NA,NA,NA,Marsh; residential,NA,NA,2,2,0,2,Hard,Gravel,Turb,14,13,15,12,15,16,13,5,4,5,4,7,9,14.6,2003,6,59,7.4,NA,No,No,NA,test,test,NA,NA,NA,NA,NA,N,36.93497826,45.3331985,17.42339974,0.308423501,62.75659824,3
10-ARNO-0.1,0,0,4,12,0,153,2,11,6,0,0,0,0,0,0,0,0,0,7,0,0,3,1,0,0,0,0,0,0,0,4,,10,0.5,4.5,10,NA,NA,0,15,NA,NA,NA,NA,NA,NA,NA,Forest,NA,NA,2,1,2,2,Soft,Sand,DOC,9,14,13,15,19,18,13,7,7,9,7,9,7,22.54,286,8.02,93,7.77,NA,No,No,NA,test,test,NA,NA,NA,NA,NA,Y,69.40349997,3.910807251,26.65433105,0.031361726,30.56513831,2
10-BISH-0.6,7,0,0,7,2,178,17,0,0,0,0,0,0,0,0,0,0,0,1,0,0,1,0,0,0,0,0,0,0,0,0,,10,0.8,12,1,100,-9999,20,0,20,0,0,0,25,25,50,Wetland,NA,Other,2,2,0,2,Soft,Clay,Turbidity,13,13,13,6,14,13,14,7,7,6,6,8,8,22,233,10.8,122,7.8,0.11,NA,NA,NA,NA,NA,NA,NA,NA,NA,NA,N,89.70107511,3.81011187,3.2362342,3.252578817,7.04634607,1
10-CMIL-3.3,4,0,0,2,7,11,12,0,0,0,0,0,0,0,0,0,0,0,1,0,0,0,0,0,0,0,0,0,0,0,18,,10,0.6,4,1,90,2,90,10,40,2,8,0,10,30,50,Wetland,Poor,Other,2,2,0,2,Soft,Clay,Turbidity,10,12,10,13,11,14,14,9,9,8,8,9,8,22,324,4.8,63.8,7.17,0.15,NA,NA,NA,NA,NA,NA,NA,NA,NA,NA,N,90.44904444,4.94369422,4.102612027,0.504649315,9.046306247,2
10-COLW-0.7,0,0,2,11,1,83,2,0,0,0,0,0,0,0,1,0,6,0,4,0,0,1,0,0,0,0,0,0,0,0,10,,10,0.7,4,20,NA,NA,0,0,NA,NA,NA,NA,NA,NA,NA,Ag,NA,NA,2,0,2,2,Soft,Sand,DOC,10,8,11,13,19,17,7,8,8,5,5,7,7,21.79,166,8.56,97.6,7.57,NA,No,No,0.45,ref,ref,NA,NA,NA,NA,NA,Y,93.5713469,2.655499657,2.546878573,1.226274869,5.20237823,1
10-LGLN-0.5,4,0,0,12,0,131,7,0,0,0,0,0,0,0,1,0,0,0,10,0,0,35,4,0,0,0,0,0,0,0,0,,10,0.3,4,25,50,1,10,10,0,0,0,0,90,5,5,Residential,Good,Sand,2,2,2,2,Soft,Sand,NA,12,12,10,8,10,15,13,4,7,9,5,9,5,24,580,10.1,120,8.32,0.28,NA,NA,NA,NA,NA,NA,NA,NA,NA,NA,Y,73.76201186,17.67532202,3.379676958,5.182989164,21.05499898,2
10-LSAR_T10-0.3,3,0,0,8,0,163,0,0,0,0,0,21,0,0,0,0,0,0,1,0,0,4,0,0,0,0,0,0,0,0,0,,10,0.5,5,5,20,2,10,NA,50,0,0,0,40,60,0,Forest,NA,Other,2,1,1,2,Very_soft,Silt,Turbidity,17,9,8,20,20,19,20,10,10,10,10,10,10,20,50,6.35,62,7,0.2,NA,NA,NA,NA,NA,NA,NA,NA,NA,NA,Y,98.61817027,0.174714104,0,1.207115629,0.174714104,1
10-MILC-6.3,0,0,5,10,0,62,36,3,0,0,0,0,0,25,1,0,0,0,15,0,6,24,14,0,0,0,0,0,0,0,5,,10,0.3,4,20,NA,NA,0,11,NA,NA,NA,NA,NA,NA,NA,Forest; ag,NA,NA,2,0,2,2,Soft,Sand,NA,18,16,17,15,19,18,15,9,9,8,8,7,9,20.04,82,8.75,96.7,7.17,NA,NA,Yes,0.47,ref,ref,NA,NA,NA,NA,NA,Y,95.93747611,1.238248108,0.221661698,2.602614079,1.459909807,1
10-NSAR_T7-0.8,14,0,0,6,0,161,9,1,0,0,0,0,0,0,1,0,0,0,2,0,0,6,0,0,0,2,0,0,0,0,1,,10,0.1,0.2,20,NA,NA,10,8,NA,NA,NA,NA,NA,NA,NA,Wetlands; forest,NA,NA,2,2,1,2,Very soft,Silt,DOC,10,5,6,4,19,19,16,9,9,8,8,9,8,21,71,6.94,77.8,6.73,NA,Yes,No,NA,ref,ref,NA,NA,NA,NA,NA,Y,99.13854989,0.32304379,0,0.538406317,0.32304379,1
10-PUTM_T5-0.3,0,0,1,17,1,130,20,1,0,0,0,0,0,0,0,0,0,0,6,0,0,3,20,0,0,0,0,0,0,0,12,,10,0.5,2,30,NA,NA,10,95,NA,NA,NA,NA,NA,NA,NA,Forest,NA,NA,2,2,2,2,Soft,Sand,DOC,19,15,16,17,19,19,17,8,8,8,8,9,9,19.45,136,7.37,80.5,6.97,NA,Yes,No,0,ref,ref,NA,NA,NA,NA,NA,Y,95.10179994,0.79669519,3.998229566,0.103275302,4.794924757,1
10-ROUT-1.3,36,0,0,1,0,53,29,0,0,0,0,3,0,0,0,0,10,0,6,0,0,64,0,0,0,0,0,0,0,0,3,,10,0.3,5,10,100,2,80,10,20,0,0,90,5,5,0,Commercial,Good,Other,2,2,2,2,Hard,Gravel,Susp_algae,17,14,4,8,16,-9999,12,9,9,3,3,1,1,26,344,6.3,78,7.19,0.16,NA,NA,NA,NA,NA,NA,NA,NA,NA,NA,Y,77.00876552,18.40759679,0.255661066,4.327976625,18.66325785,2
10-TRAE-4.5,0,0,5,32,0,112,2,0,0,0,0,0,0,0,4,0,0,0,10,0,0,16,7,0,0,0,1,0,0,0,21,,10,0.2,2,15,NA,-9999,NA,30,NA,0,0,0,50,50,0,Wetland,NA,NA,-9999,-9999,-9999,-9999,NA,NA,NA,9,10,5,14,20,20,20,10,10,10,10,10,10,24,244,7.1,92,7.62,NA,NA,NA,NA,NA,NA,NA,NA,NA,NA,NA,NA,85.43271222,3.345755694,11.22153209,0,14.56728778,1
10-TWOB-3.6,0,0,3,6,0,162,19,3,0,0,0,0,0,0,0,0,0,0,1,0,0,3,3,1,0,1,0,0,0,0,1,,10,0.3,4,50,NA,NA,70,2,NA,NA,NA,NA,NA,NA,NA,Forest; wetland,NA,NA,2,2,2,2,Soft,Sand,DOC,14,12,12,15,19,18,7,9,9,9,9,9,9,22.35,120,7.37,84.8,6.83,NA,Yes,No,NA,ref,ref,NA,NA,NA,NA,NA,Y,90.48799504,7.554826973,1.609324084,0.347853901,9.164151057,1
10-URIL-0.4,0,0,0,11,1,181,10,0,0,0,0,0,0,0,0,0,0,0,2,0,0,4,9,0,0,0,0,0,0,0,3,,10,0.5,3.5,10,NA,NA,10,22,NA,NA,NA,NA,NA,NA,NA,Residential,NA,NA,2,2,2,2,Hard,Gravel,DOC,13,8,14,10,19,14,14,6,5,7,6,9,7,23.98,314,7.19,85.7,7.55,NA,No,No,NA,ref,ref,NA,NA,NA,NA,NA,Y,78.37894681,5.313247627,16.27362831,0.034177248,21.58687594,2
11-GORN-6.0,64,0,53,2,9,53,1,2,0,0,0,11,0,0,0,0,0,0,1,0,2,0,15,2,0,0,0,0,0,0,0,,11,0.6,1.5,40,NA,NA,25,6.4,NA,NA,NA,NA,NA,NA,NA,Forest; Wetland,NA,NA,2,2,2,2,Soft,Clay,DOC,18,15,13,6,14,20,18,9,9,9,9,10,10,16.79,310,10.14,104,7.47,NA,Yes,No,1.7,test,ref,"Possible ref site, 74.7% LU. Noted as possible in field sheet.",NA,NA,NA,NA,Y,74.72671622,5.570616528,19.41407958,0.288587669,24.98469611,1
11-MOSE-12.8,4,2,1,35,0,17,4,101,0,1,0,0,0,0,0,0,0,0,9,0,0,0,11,0,0,0,0,0,0,0,31,,11,1,8,10,NA,NA,0,34,NA,0,0,0,60,40,0,Forest,NA,Other,2,1,2,2,Hard,Sand,Turbidity,14,10,18,18,18,19,17,7,8,9,9,7,8,21.8,417.6,5.7,69.9,7.2,NA,NA,NA,NA,NA,NA,NA,0,NA,1,162,Y,48.88648147,6.116226882,44.71871856,0.278573087,50.83494545,2
11-ROWL-0.5,23,0,3,7,1,93,6,0,0,0,0,0,0,0,0,0,0,0,4,0,0,26,15,0,0,0,0,0,0,0,37,,11,0.2,10,NA,50,1,20,30,NA,NA,NA,NA,NA,NA,NA,Residential,NA,NA,2,2,2,2,Soft,Silt,Turbidity,17,12,16,7,15,20,19,6,7,9,9,8,10,21.3,489.4,8.61,97.3,7.84,0.24,NA,NA,NA,NA,NA,NA,0,NA,1,155,Y,75.668924,17.02332581,7.112114372,0.195635816,24.13544018,2
11-SRUN-3.8,96,0,10,0,1,36,0,1,0,0,0,3,0,0,0,0,0,0,0,0,0,1,20,0,0,0,0,0,0,0,2,,11,0.45,4.5,70,NA,NA,NA,32,NA,NA,NA,NA,NA,NA,NA,Residential,NA,NA,2,2,2,2,Soft,Sand,Turb,16,4,8,16,17,16,17,7,8,8,8,9,4,15,1309,9.6,96,7.3,NA,No,No,0.25,test,test,NA,NA,NA,NA,NA,Y,38.2679845,56.96028384,3.656638065,1.115093588,60.61692191,3
11-TEET-0.8,0,0,0,8,0,143,7,2,0,0,0,0,0,2,1,0,0,0,7,0,2,12,2,0,0,0,0,0,0,0,17,,11,5.5,3.5,10,NA,NA,5,11.6,NA,NA,NA,NA,NA,NA,NA,Forest; Wetland; Agriculture,NA,NA,2,2,2,2,Soft,Sand,DOC,17,17,16,15,19,18,11,9,9,9,9,7,10,15.73,18,8.12,81.7,4.35,NA,Yes,No,1.11,ref,ref,NA,NA,NA,NA,NA,Y,99.29880118,0.214883511,0,0.486315313,0.214883511,1
11-TOMH-12.2,89,0,2,0,0,21,42,2,0,0,0,29,0,0,0,0,0,0,24,0,0,2,2,0,0,0,0,0,0,0,0,,11,0.3,5,6,100,2,20,50,NA,0,5,10,10,75,0,Agriculture,Good,Other,2,2,2,2,Soft,Silt,Turbidity,13,15,12,13,18,16,10,7,7,7,7,10,10,19,245,3,24,7.1,0.12,NA,NA,NA,NA,NA,NA,1,NA,1,145,Y,76.28672528,3.329401673,19.87454428,0.509328758,23.20394596,3
12-ALPL_T11-2.1,13,1,4,26,4,25,8,1,2,7,0,98,0,3,0,0,0,0,9,0,12,0,0,0,0,1,0,0,0,0,33,,12,0.15,1,10,NA,NA,60,58.4,NA,NA,NA,NA,NA,NA,NA,Residential; Forest; Wetland,NA,NA,2,2,0,2,Very Soft,Clay,DOC,16,13,3,16,17,13,6,9,9,9,8,9,9,18.52,285,8.62,92.3,7.06,NA,Yes,No,1.02,ref,ref,NA,NA,NA,NA,NA,N,78.34829443,4.236983842,16.5529623,0.861759425,20.78994614,2
12-BARK-0.6,6,0,31,28,0,78,32,0,0,0,0,0,0,0,0,0,0,0,1,0,0,3,20,0,0,0,0,0,0,0,5,,12,0.25,1,15,NA,NA,60,NA,NA,NA,NA,NA,NA,NA,NA,Forest; res.,NA,NA,2,2,1,2,Soft,Sand,NA,8,15,10,16,12,16,10,10,10,8,8,7,8,17.3,604,7.58,79,7.55,NA,No,Yes,NA,test,test,NA,NA,NA,NA,NA,Y,38.585209,2.733118971,58.56109325,0.120578778,61.29421222,3
13-BASC_T17-2.4,0,0,2,2,0,127,3,0,0,0,0,58,0,0,2,0,0,0,0,0,0,13,0,0,0,2,0,0,0,0,3,,13,0.1,2,21,100,1,10,20,25,30,50,10,10,NA,NA,Residential,Good,Impoundment,2,2,2,2,Hard,Gravel,DOC,16,16,16,16,18,15,17,10,10,10,10,5,5,20,175,7.3,84,7.4,NA,NA,NA,NA,NA,NA,NA,0,0,1,164,Y,83.99044205,3.166069295,11.02150538,1.821983274,14.18757467,1
13-BLKH-8.2,52,0,9,9,0,78,17,3,0,0,0,0,0,1,0,0,0,0,31,0,0,1,0,0,0,0,0,0,0,0,0,,13,1.5,15,8,50,2,70,6,NA,NA,NA,NA,NA,NA,NA,Wetland,NA,Adequate,0,2,0,2,Soft,Silt,Turbidity,18,11,6,12,19,16,15,8,7,9,7,10,10,19.8,333,3.6,39,7.3,NA,NA,NA,NA,NA,NA,NA,0,0,1,148,N,77.61403362,9.916057859,11.41278181,1.057126709,21.32883967,2
13-BLKK-1.1,27,3,10,4,0,15,10,2,0,0,0,125,1,0,0,0,1,1,13,0,0,0,0,0,0,0,0,0,0,0,0,,13,1,10,20,40,1,30,70,20,10,20,20,20,30,NA,Residential,NA,Low flow,0,2,0,2,Hard,Gravel,Turbidity,17,17,15,17,19,17,17,9,9,9,9,6,8,22.3,459.8,4.18,48.8,7.57,NA,NA,NA,NA,NA,NA,NA,0,0,1,169,N,64.33028866,11.04622786,24.39687631,0.226607168,35.44310417,2
13-EBCR-16.3,38,0,0,16,0,83,24,3,0,0,0,15,0,0,1,0,0,0,15,0,0,5,2,0,0,0,0,0,0,0,0,,13,0.1,25,1,100,1,40,49,NA,NA,NA,NA,NA,NA,NA,Wetland,Good,Adequate,2,2,2,2,Soft,Silt,Turbidity,15,15,14,13,14,17,18,8,9,9,9,10,10,19.5,412.3,5.01,54.5,7.19,NA,NA,NA,NA,NA,NA,NA,0,0,1,161,Y,77.86028639,9.780082826,11.5521427,0.807488089,21.33222553,1
13-FISH-16.3,10,0,2,0,13,2,11,36,0,0,0,18,0,0,1,0,0,0,0,0,0,2,0,1,0,0,0,0,0,0,0,,13,1.5,25,10,0,0,0,90,NA,NA,NA,NA,NA,NA,NA,Residential,Very poor,Adequate,2,0,2,2,Soft,Silt,Turbidity,7,12,2,14,15,15,9,6,5,6,8,10,3,20.2,506.2,7.82,86.8,8.1,NA,NA,NA,NA,NA,NA,NA,0,0,1,112,Y,66.90818262,14.30749588,16.84868168,1.935639821,31.15617756,2
13-NOST-0.3,73,0,24,10,1,44,13,3,0,0,0,0,0,0,0,0,0,0,3,0,0,9,36,0,0,1,0,0,0,0,0,,13,0.3,5,30,100,1,20,1,50,NA,NA,NA,NA,NA,NA,Residential,Good,Other,1,1,1,1,Hard,Gravel,Turbidity,12,5,9,10,18,18,10,6,6,6,6,2,2,17,443,8.1,5,7.9,NA,NA,NA,NA,NA,NA,NA,0,0,1,110,Y,66.38345995,4.123412399,29.37423882,0.118888824,33.49765122,2
13-QKER-0.9,0,0,4,0,0,61,4,0,0,1,0,0,0,0,0,0,4,0,1,0,0,4,5,0,0,0,0,0,0,0,55,,13,0.5,5,40,10,1,10,10,0,0,0,5,25,60,10,Residential,Poor,Other,2,2,0,2,Soft,Silt,Turbidity,5,5,4,10,15,10,13,8,8,7,7,4,4,21,440,6.25,70.2,7.22,0.21,NA,NA,NA,NA,NA,NA,NA,NA,NA,NA,N,40.53641407,13.91037712,43.85337676,1.699832053,57.76375388,2
13-QKER-1.0,0,0,1,3,0,136,0,8,0,0,0,2,0,0,0,0,0,0,28,0,0,0,29,0,0,0,0,0,2,0,1,,13,0.3,4,0.2,NA,NA,10,75,NA,NA,NA,NA,NA,NA,NA,AG,NA,NA,2,2,2,2,Hard,Gravel,Turb,15,10,10,5,20,15,13,7,8,6,7,3,4,26.3,517,8.7,107,7.5,NA,No,No,NA,test,test,NA,NA,NA,NA,NA,Y,40.55137653,13.90405641,43.84410758,1.70045948,57.74816399,2
13-RHIN-4.3,116,0,2,17,5,16,0,0,0,0,0,66,0,0,0,0,0,0,0,0,0,3,0,0,0,0,0,0,3,0,0,,13,0.3,15,15,80,2,10,58,NA,NA,NA,NA,NA,NA,NA,Forest,NA,Adequate,2,2,2,2,Hard,Sand,Turbidity,15,14,17,9,11,16,16,6,6,7,7,10,10,18.8,496,8.4,90,7.8,NA,NA,NA,NA,NA,NA,NA,0,0,1,144,Y,49.53301127,14.77455717,35.55555556,0.136876006,50.33011272,2
13-RIOG-0.7,81,0,2,15,0,24,0,0,0,0,0,0,0,0,0,0,0,0,0,0,0,1,5,0,0,0,0,0,0,0,73,,13,0.2,4,30,30,1,0,90,0,0,0,10,80,10,0,Residential,Poor,Other,2,0,2,2,Soft,Sand,NA,17,-9999,14,15,15,16,13,6,6,6,6,4,4,24,862,6.67,79.5,7.36,0.42,NA,NA,NA,NA,NA,NA,NA,NA,NA,NA,Y,37.35473515,42.58747994,17.66934189,2.388443018,60.25682183,2
13-SPRO-9.2,7,0,12,0,2,52,7,0,0,0,0,49,0,0,0,0,5,0,0,0,0,0,35,0,0,0,0,0,0,0,12,,13,25,7,30,NA,NA,0,15,NA,NA,NA,NA,NA,NA,NA,Forest,NA,NA,2,2,2,2,Soft,Gravel,Turb,10,10,6,14,18,18,6,6,6,6,6,5,5,17.45,414,11.73,119,8.04,NA,No,No,1.74,test,test,NA,NA,NA,NA,NA,Y,63.74755079,12.05321233,23.52892647,0.670310405,35.58213881,2
13-WALK_T25-1.5,1,0,0,2,0,179,10,0,0,39,0,2,0,0,0,0,0,0,4,0,0,1,26,0,0,26,0,0,2,0,0,,13,0.1,3,0.1,NA,NA,10,0,NA,NA,NA,NA,NA,NA,NA,Prison,NA,NA,2,2,0,2,Soft,Silt,NA,5,5,6,10,20,12,9,10,10,10,10,7,6,21.4,340,9.2,104,7.4,NA,No,No,NA,test,test,NA,NA,NA,NA,NA,N,28.73364601,14.41619353,56.85016045,0,71.26635399,2
13-WBLKK-8.9,103,4,14,20,4,50,5,7,0,0,0,14,0,0,0,0,0,0,11,0,0,2,2,0,0,0,0,1,0,0,1,,13,6.75,2.5,0,NA,NA,20,53.2,NA,NA,NA,NA,NA,NA,NA,Residential; Forest; Wetland;,NA,NA,2,2,2,2,Hard,Gravel,Turb,17,16,16,4,20,19,10,9,9,10,10,10,9,16.98,398,5.77,59.4,6.88,NA,No,No,8.75,test,test,NA,NA,NA,NA,NA,Y,68.78121347,5.063223887,25.65083413,0.504728509,30.71405802,1
13-WKLEI-0.6,3,0,0,1,1,32,5,0,0,0,0,5,0,0,2,0,2,0,1,0,0,0,1,0,0,0,0,0,0,0,0,,13,0.3,5,20,10,1,0,70,0,0,0,0,10,80,10,Residential,Very_poor,Sand,2,0,2,2,Soft,Silt,Turbidity,5,5,5,6,12,15,7,2,2,9,8,9,6,22,220,5.5,65.2,7.45,0.1,NA,NA,NA,NA,NA,NA,NA,NA,NA,NA,Y,81.30571938,6.094271476,12.52228775,0.077721392,18.61655923,2
14-HURL-2.8,50,0,8,12,0,65,14,2,0,0,1,4,2,0,0,0,0,0,23,0,0,19,12,0,0,0,0,0,1,0,4,,14,0.5,5,0.1,NA,NA,10,42,NA,NA,NA,NA,NA,NA,NA,Residential,NA,NA,2,2,2,2,Hard,Sand,DOC,13,13,10,19,20,16,12,9,9,9,9,2,5,17.4,147,9.6,100,7.3,NA,No,Yes,NA,ref,ref,NA,NA,NA,NA,NA,Y,77.65648315,11.52909762,8.230581952,2.583837273,19.75967957,1
14-TENR-3.7,0,0,0,21,0,98,53,0,0,0,0,0,0,0,0,0,0,0,18,0,0,10,0,0,0,0,0,0,0,0,7,,14,0.75,12,10,80,3,20,0,NA,10,10,0,40,10,30,Wetland,NA,NA,2,2,2,2,Soft,Sand,DOC,15,14,13,18,20,20,17,10,10,10,10,10,10,21,108,7.53,84.5,7.26,0.05,NA,NA,NA,NA,NA,NA,NA,NA,NA,NA,Y,78.54010249,3.698009772,15.94803957,1.813848171,19.64604934,1
14-WLAK-5.8,39,0,0,21,0,155,55,14,0,0,0,11,0,0,0,0,0,0,11,0,0,6,0,0,0,0,0,0,0,0,4,,14,0.1,3,0.3,NA,NA,20,0,NA,NA,NA,NA,NA,NA,NA,Forested,NA,NA,2,2,2,2,Soft,Silt,NA,12,11,9,10,20,18,20,10,10,10,10,2,10,18.5,208,8.2,88,6.5,NA,No,No,NA,ref,ref,NA,NA,NA,NA,NA,Y,80.88406752,7.725452426,3.786688295,7.603791757,11.51214072,1
15-HACK-3.3,12,0,6,22,0,150,0,5,0,0,0,0,0,0,1,0,0,0,10,0,0,0,0,0,0,0,0,0,0,0,0,,15,1,10,0.1,NA,NA,0,22,NA,NA,NA,NA,NA,NA,NA,Urban,NA,NA,2,2,2,2,Soft,Silt,Turb,13,8,18,11,20,13,20,8,8,7,7,10,10,22.9,538,5.1,56,7.3,NA,No,No,NA,test,test,NA,NA,NA,NA,NA,Y,29.11567248,62.84518112,1.079310013,6.95983639,63.92449113,2
15-MAWA-3.7,75,0,10,7,1,29,6,0,0,0,0,61,0,1,0,0,0,0,5,1,0,0,5,0,0,0,0,0,0,0,1,,15,0.9,6,0.05,NA,NA,0,80,NA,NA,NA,NA,NA,NA,NA,Residential,NA,NA,2,2,2,2,Hard,Gravel,Turb,15,18,17,18,19,20,20,9,9,9,9,10,5,19.8,483,7.2,72,7.6,NA,No,No,NA,test,test,NA,NA,NA,NA,NA,Y,69.33730023,30.44943524,0,0.213264527,30.44943524,1
15-RAMA-13.7,38,0,30,19,2,41,0,78,9,0,0,1,0,0,0,0,0,0,1,0,0,5,0,0,0,0,0,0,0,0,1,,15,0.6,8,0.1,NA,NA,0,45,NA,NA,NA,NA,NA,NA,NA,Highway,NA,NA,2,2,2,2,NA,Sand,Turb,12,16,15,17,17,18,17,10,7,9,9,10,10,23.1,1140,9.1,107,7.5,NA,No,No,NA,test,test,NA,NA,NA,NA,NA,Y,50.0391462,44.52983353,3.871353222,1.559667051,48.40118675,2
16-AMEN_T2-1.1,5,0,14,19,4,163,29,7,0,0,0,0,0,0,0,0,0,0,2,0,6,12,11,0,0,0,0,0,0,0,15,,16,70,8,20,NA,NA,10,20,NA,NA,NA,NA,NA,NA,NA,Residential,NA,NA,2,2,2,2,Very soft,Sand,NA,8,10,11,13,19,18,5,9,9,8,0,7,0,16.23,533,10.04,101.1,7.74,NA,No,Yes,1.18,test,test,NA,NA,NA,NA,NA,Y,48.46120503,9.991330733,41.48244473,0.065019506,51.47377547,2
16-BOGH-0.3,43,0,0,0,0,121,7,0,0,0,0,8,0,0,1,0,0,0,7,0,0,13,0,0,0,0,0,0,0,0,1,,16,60,3,0,NA,NA,50,10,NA,NA,NA,NA,NA,NA,NA,Wetland,NA,NA,2,2,2,2,Very soft,Silt,DOC,17,12,15,5,19,20,13,9,9,10,10,10,10,17.7,161,8.16,84.6,6.96,NA,Yes,No,0.74,ref,ref,NA,NA,NA,NA,NA,Y,96.37925744,2.321775596,0.347754935,0.951212028,2.669530531,1
16-SWEL-0.1,1,0,3,15,0,151,26,0,0,0,0,4,0,1,0,0,0,0,1,0,3,3,4,0,0,0,0,0,0,0,1,,16,0.1,1,5,100,3,20,85,20,NA,NA,NA,NA,NA,NA,Commercial,NA,Adequate,2,1,0,2,Hard,Sand,Turbidity,15,16,16,14,11,13,10,8,7,7,6,1,1,14.4,233.6,8.2,80.4,7.3,NA,NA,NA,NA,NA,NA,NA,0,0,1,125,N,61.67307437,2.333289142,35.92734986,0.066286623,38.260639,2
16-SWMP-6.8,72,0,35,1,0,82,3,0,0,0,0,0,0,0,0,0,2,0,1,0,0,0,5,0,0,0,0,0,0,0,0,,16,1,25,1,100,2,70,6,NA,NA,NA,NA,NA,NA,NA,Residential,NA,Adequate,2,2,1,2,Hard,Sand,Susp algae,18,16,14,16,16,17,15,9,8,4,6,2,2,20.2,528.1,1.11,12.3,7.15,NA,NA,NA,NA,NA,NA,NA,0,0,1,143,Y,73.75332573,13.25351577,12.22158875,0.771569745,25.47510452,2
16-WEBA-23.3,52,0,27,0,1,16,1,3,1,0,0,43,2,4,0,0,0,0,0,0,0,0,42,0,0,7,0,0,1,0,1,,16,0.6,3,90,NA,NA,10,2,NA,NA,NA,NA,NA,NA,NA,Wetlands; agricultural,NA,NA,2,2,2,2,Hard,Gravel,NA,15,16,16,8,19,16,12,9,9,9,9,9,9,17.02,258,5.33,55.1,6.87,NA,Yes,No,0.74,test,test,NA,NA,NA,NA,NA,Y,74.55490435,3.997567179,20.82273582,0.624792657,24.820303,1
16-WEBA_T4-1.3,0,0,9,4,0,103,10,0,0,0,0,0,0,0,0,0,0,0,0,0,10,34,0,3,0,0,0,0,0,0,31,,16,0.5,1.5,140,NA,NA,10,3.5,NA,NA,NA,NA,NA,NA,NA,Wetland; agricultural,NA,NA,2,2,2,2,Hard,Gravel,NA,15,16,14,15,17,18,10,9,9,9,7,7,9,13.75,424,10.74,103.6,7.29,NA,No,No,0.04,test,ref,LU rounds up to 75. Add as ref site? But 424 cond<U+0085>,NA,NA,NA,NA,Y,57.66635524,6.322018063,35.83515001,0.176476695,42.15716807,2
17-BRWN-0.9,14,0,0,5,0,257,0,8,0,0,1,16,0,5,0,1,0,0,0,0,0,0,8,16,0,0,0,0,0,0,0,,17,0.3,15,20,NA,NA,20,95,NA,NA,NA,NA,NA,NA,NA,Residential,NA,NA,-9999,-9999,-9999,-9999,Hard,Gravel,NA,19,18,17,18,20,13,12,8,5,10,10,9,2,16.98,288,11.6,120,6.01,NA,No,Yes,NA,test,test,"Noted as possible ref site, but VERY low natural LU. Most of LU is probably low density dev. Use different ref site citeria for LI sites??",NA,NA,NA,NA,NA,1.091764706,98.90823529,0,0,98.90823529,2
17-BVDC-0.4,50,0,0,1,0,214,0,0,0,2,0,26,0,4,0,0,0,0,0,0,0,0,3,2,0,0,0,0,14,0,1,,17,0.05,1.75,70,NA,NA,30,78,NA,NA,NA,NA,NA,NA,NA,Residential forest,NA,NA,2,2,2,2,Hard,Gravel,NA,16,15,4,10,13,15,11,8,7,5,10,7,5,17.38,275,11.62,121,6.12,NA,No,Yes,NA,test,test,NA,NA,NA,NA,NA,Y,45.43685886,52.93597453,1.627166608,0,54.56314114,2
17-CARL-0.8,31,0,3,13,2,90,29,0,0,0,0,0,0,0,0,0,1,0,1,0,0,31,0,0,0,0,0,0,1,0,1,,17,0.5,4,0.7,NA,NA,10,61,NA,NA,NA,NA,NA,NA,NA,Recreation,NA,NA,2,2,0,2,Hard,Gravel,NA,12,13,15,19,15,10,4,8,10,6,4,4,3,21.39,240,9.55,108.3,6.7,NA,Yes,Yes,NA,test,test,NA,NA,NA,NA,NA,N,11.86967804,87.65538496,0.251988272,0.222948731,87.90737323,2
17-CARM-12.9,34,0,6,5,0,91,1,4,0,0,0,69,0,1,0,0,0,0,0,0,0,0,12,1,0,0,0,0,0,0,18,,17,0.4,10,0.1,NA,NA,70,87,NA,NA,NA,NA,NA,NA,NA,Forest,NA,NA,2,2,2,2,Soft,Silt,DOC,20,14,14,10,20,19,14,9,9,10,8,10,10,15.8,218,7.8,78,4.55,NA,No,No,NA,test,test,NA,NA,NA,NA,NA,Y,25.66375368,72.0494339,1.964960888,0.321851532,74.01439478,2
17-CARM-9.0,56,0,13,5,0,47,7,6,0,10,0,12,0,0,3,0,0,0,4,0,0,41,0,0,0,0,0,0,0,0,12,,17,0.6,10,30,NA,NA,80,20,NA,NA,NA,NA,NA,NA,NA,Forest,NA,NA,2,2,1,2,Hard,Sand,DOC,14,18,14,16,20,14,12,10,10,10,10,10,10,20.5,202,7.3,81,6.5,NA,Yes,No,NA,test,test,NA,NA,NA,NA,NA,Y,28.75433842,68.82090049,2.074834783,0.349926306,70.89573527,2
17-EMED-0.4,0,0,0,3,0,3,0,0,0,0,0,0,0,0,0,0,0,0,1,0,0,0,2,0,0,0,0,2,0,0,34,,17,0.4,7,30,10,1,60,50,10,0,0,40,50,10,0,Commercial,Poor,Sand,2,2,2,2,Soft,Sand,Turbidity,13,5,5,9,12,4,6,8,8,5,5,1,1,20,619,6,68,6.22,0.32,NA,NA,NA,NA,NA,NA,NA,NA,NA,NA,Y,11.13370615,88.24412327,0.555595904,0.066574673,88.79971918,3
17-GREN-0.8,61,0,8,1,0,107,0,2,0,0,0,6,0,25,0,0,0,0,0,0,0,0,0,0,0,3,0,0,6,0,0,,17,0.1,1.5,0.2,NA,NA,10,100,NA,NA,NA,NA,NA,NA,NA,Residential forestry,NA,NA,2,2,2,2,Soft,Sand,NA,10,6,6,11,18,14,4,10,10,10,10,10,10,15.8,230,8.5,86,5.9,NA,No,Yes,NA,test,test,NA,NA,NA,NA,NA,Y,1.168605838,98.83139416,0,0,98.83139416,2
17-MASS-1.2,117,0,15,3,0,59,0,0,0,0,0,136,0,0,0,0,0,0,2,0,0,3,28,0,0,9,0,0,8,0,2,,17,0.5,10,0.2,NA,NA,60,20,NA,NA,NA,NA,NA,NA,NA,Urban park,NA,NA,2,2,1,2,Hard,Gravel,NA,16,0,8,10,20,15,15,10,10,10,10,10,10,22,388,9.2,106,6.2,NA,No,Yes,NA,test,test,NA,NA,NA,NA,NA,Y,12.88716863,86.52825877,0.49422956,0.090343038,87.02248833,2
17-MBUR-2.1,0,0,0,7,0,13,0,0,0,0,0,21,0,3,0,6,0,0,0,0,0,0,163,3,0,0,0,0,0,0,4,,17,0.2,2.5,0.05,NA,NA,10,36,NA,NA,NA,NA,NA,NA,NA,Urban,NA,NA,2,2,2,2,Hard,Sand,Susp Algae,8,14,7,12,18,17,18,7,7,4,4,10,10,19.5,573,7.4,81,6.6,NA,No,No,NA,test,test,NA,NA,NA,NA,NA,Y,0.26432403,99.62683666,0,0.108839307,99.62683666,3
17-MIAN-14.2,91,0,12,7,0,21,3,21,0,0,0,14,0,0,0,0,0,0,19,0,0,4,5,0,0,0,0,0,0,0,23,,17,1,5,40,100,1,30,20,NA,0,0,0,30,70,0,Residential,NA,NA,-9999,-9999,-9999,-9999,Very_soft,Silt,Turbidity,12,12,10,15,19,13,19,9,9,10,9,10,5,18,456,8.35,88.6,7.21,0.22,NA,NA,NA,NA,NA,NA,NA,NA,NA,NA,NA,76.69899666,19.39464883,2.725752508,1.180602007,22.12040134,1
17-MUDL-1.4,28,0,29,2,0,80,0,0,5,0,0,35,0,6,0,4,0,0,0,0,0,0,33,0,0,12,0,0,0,0,2,,17,0.2,8,0.5,NA,NA,20,65,NA,NA,NA,NA,NA,NA,NA,Forest,NA,NA,-9999,-9999,-9999,-9999,Soft,Sand,NA,14,10,10,18,18,16,18,8,8,9,9,8,8,16.1,320,12.7,128,6.06,NA,No,No,NA,test,test,NA,NA,NA,NA,NA,NA,14.5000399,84.03958184,1.460378262,0,85.4999601,2
17-NISS-4.7,33,0,5,5,0,139,3,0,2,0,0,4,0,0,2,4,0,0,1,0,0,20,5,4,0,1,0,0,0,0,3,,17,0.4,25,70,NA,NA,10,3,NA,NA,NA,NA,NA,NA,NA,Recreation,NA,NA,1,2,2,2,Hard,Gravel,DOC,10,13,13,15,18,14,10,5,8,6,5,2,3,21.9,179,9.5,108,6.8,NA,No,Yes,NA,test,test,NA,NA,NA,NA,NA,Y,12.98851708,86.06894682,0.2587354,0.6838007,86.32768222,2
17-NISS_E-2.6,42,0,0,1,0,71,0,1,0,0,0,2,0,4,0,13,0,0,0,0,0,0,20,1,0,0,0,0,0,0,46,,17,0.2,3,70,NA,NA,0,80,NA,NA,NA,NA,NA,NA,NA,Residential forest,NA,NA,2,0,2,2,Soft,Sand,DOC,7,7,11,9,14,15,12,9,7,8,8,5,8,15.8,522,6.7,68,5.98,NA,No,No,NA,test,test,NA,NA,NA,NA,NA,Y,9.13267593,89.98767369,0.812415957,0.067234424,90.80008965,2
17-OROW-0.6,58,0,0,0,0,13,0,0,0,0,0,139,0,0,0,0,0,0,0,0,0,4,2,0,0,0,0,0,0,0,0,,17,0.3,4,25,10,1,60,50,0,0,0,5,85,10,0,Residential,Poor,Sand,2,2,2,2,Soft,Silt,Turbidity,16,13,10,14,17,10,8,8,8,9,6,5,3,16,353,6.2,63,5.95,0.17,NA,NA,NA,NA,NA,NA,NA,NA,NA,NA,Y,2.491709241,97.50829076,0,0,97.50829076,3
17-PECN-8.9,70,2,1,3,0,67,5,1,3,0,0,8,0,0,0,1,3,0,2,0,0,10,0,0,0,5,0,1,0,0,29,,17,0.5,10,20,NA,NA,10,5,NA,NA,NA,NA,NA,NA,NA,Recreation forest,NA,NA,2,2,2,2,Soft,Sand,DOC,19,16,19,12,18,17,18,10,8,10,10,10,10,25.28,63,12.48,151,6.11,NA,No,No,NA,test,test,NA,NA,NA,NA,NA,Y,58.5471458,32.57562241,8.041608679,0.835623119,40.61723108,1
17-PENA-1.4,5,0,3,1,0,10,0,0,0,7,0,154,0,0,0,0,0,0,2,0,0,1,12,0,0,0,0,0,0,0,8,,17,0.3,4,25,10,1,70,70,0,0,0,5,85,10,0,Commercial,NA,Sand,2,2,2,2,Soft,Sand,Turbidity,14,12,8,8,16,10,11,9,10,7,5,4,2,18,536,5.2,55,6.18,0.26,NA,NA,NA,NA,NA,NA,NA,NA,NA,NA,Y,0.966887417,99.03311258,0,0,99.03311258,3
17-SAMP-2.1,10,0,2,5,0,183,0,3,0,0,0,0,0,10,0,0,0,0,0,0,0,0,70,4,0,14,0,0,0,0,9,,17,0.1,6,20,NA,NA,10,85,NA,NA,NA,NA,NA,NA,NA,Residential; forest,NA,NA,2,2,2,2,Soft,Sand,NA,4,7,6,7,14,13,12,8,6,8,5,7,2,15.93,262,9.13,93.4,6.04,NA,No,No,NA,test,test,NA,NA,NA,NA,NA,Y,13.99147966,85.80557512,0.090570595,0.112374627,85.89614572,2
17-SANT-1.7,1,0,5,0,0,10,0,0,0,20,0,32,0,0,0,0,1,0,2,0,0,0,1,0,0,0,0,0,0,0,100,,17,0.36,2,40,20,1,40,50,10,0,20,65,10,5,0,Residential,Poor,Sand,2,2,1,2,Hard,Gravel,Turbidity,14,12,11,16,17,8,6,6,4,6,2,5,1,19,382,4.5,48,6.23,0.18,NA,NA,NA,NA,NA,NA,NA,NA,NA,NA,Y,7.535587189,92.40213523,0,0.06227758,92.40213523,3
17-SWML-1.4,3,0,0,0,0,27,0,0,0,1,0,3,0,0,0,0,0,0,1,0,0,0,4,1,0,0,0,0,0,0,0,,17,0.05,2,1,70,1,0,70,100,0,0,0,20,80,0,Residential,Very_poor,Other,2,0,2,2,Very_soft,Silt,DOC,7,6,1,1,15,12,6,9,9,9,9,9,2,25,165,4.37,43.9,6.05,0.08,NA,NA,NA,NA,NA,NA,NA,NA,NA,NA,Y,12.54352704,56.05509557,30.98351776,0.41785963,87.03861333,2
17-TERR-0.2,60,0,5,17,0,95,0,2,0,0,0,14,0,5,1,0,0,0,0,0,7,1,0,0,0,0,0,0,0,0,0,,17,0.1,0.3,10,NA,NA,10,100,NA,NA,NA,NA,NA,NA,NA,Forest,NA,NA,-9999,-9999,-9999,-9999,Hard,Sand,NA,8,17,0,18,20,17,18,10,10,10,10,10,10,17.84,127,11.32,119,6.11,NA,No,Yes,NA,test,test,NA,NA,NA,NA,NA,NA,37.36974488,52.35357528,10.27667984,0,62.63025512,2
